group,timestamp-mac,people,context,sentence,LLMs-revised sentence,HC1,HC2,,,,,,,,,,,,,,,,,,
G11,00:01:13,"1,2,3",no-gai,hhhh,hhh,emotional\expression,emotional\expression,,,,,,,,,,,,,,,,,,
G11,00:01:16,3,no-gai,i never heard of this concept before,I have never heard of this concept before.,selfdisclosure,selfdisclosure,,,,,,,,,,,,,,,,,,
G11,00:01:22,1,no-gai,"i actually study developmental science, im super aware, ","I actually study developmental science, so I'm super aware.",selfdisclosure,selfdisclosure,,,,,,,,,,,,,,,,,,
G11,00:01:26,3,no-gai,then you can start,Then you can begin.,coordinate\procedure-give,coordinate\procedure-give,,,,,,,,,,,,,,,,,,
G11,00:01:29,1,no-gai,"ok, then i can start off,so basically, when a child or basically when anyone comes across new information, we think that we see something and immediately like reactions come to our brain, right? but thats not the truth, like first, youll see all year with your senses, so theres like remembering what your senses of sort of registered and then understanding it, and then first you understand it like, get some sort of basic idea, like i look at the microphone, and our basic sort of senses are like, its silver, and its like shiny and smooth to touch, and then we remember these things, thats when like higher level cognition happens, right? like you evaluate it and youre like, this is such a shiny microphone, maybe its new, maybe it got gifted, how does educate you manage to find this? expensive microphone? and then thats when you gather the data and you start to review it or think about it, compared to other microphones, like this is so expensive and this is so new, so maybe hku has more funding than other universities, ","Okay, then I can start off by saying that, basically, when a child or anyone comes across new information, we often think that we see something and immediately reactions come to our brain, right? But that's not the truth. First, you perceive it with your senses, so there's remembering what your senses have registered, and then understanding it. Initially, you understand it by getting some sort of basic idea. For example, if I look at a microphone, my basic senses tell me that it's silver, shiny, and smooth to touch. Then, we remember these things, and that's when higher-level cognition happens. For instance, you might evaluate it and think, 'This microphone is so shiny; maybe it's new or was gifted. How did the university manage to find such an expensive microphone?' At this point, you gather data and start to review or think about it in comparison to other microphones. For example, you might think, 'This is so expensive and new; maybe HKU has more funding than other universities.",concept\exploration-give,concept\exploration-give,,,,,,,,,,,,,,,,,,
G11,00:02:34,3,no-gai,so youre like layers.,"So, you're like layers.",concept\exploration-ask,concept\exploration-ask,,,,,,,,,,,,,,,,,,
G11,00:02:35,1,no-gai,"yes, layers of understanding and evaluating,","Yes, there are layers of understanding and evaluating.",concept\exploration-build\on,concept\exploration-build\on,,,,,,,,,,,,,,,,,,
G11,00:02:36,1,no-gai,"so you start with your senses, but then as you reach for like, higher level cognition, you start to apply like more layers of understanding, this makes sense, yeah, and then finally, obviously, you like creating doesnt always happen, because its not like all of us are going to create a microphone based on this data, but the idea is that like, if you teach kids to break down their thinking into different processes, then they wont get overwhelmed, right? because like, what if this was a math problem, and you just intuitively get scared, then, and learning doesnt happen, so you encourage the child to like first approach things with their senses, calm down, break things down into smaller pieces, and then once theyve solved the problem, they can yet think about it on a broader scale, ","So, you start with your senses, but as you progress to higher-level cognition, you begin to apply more layers of understanding. This makes sense, right? And finally, creating doesn't always happen because it's not like all of us are going to create a microphone based on this data. However, the idea is that if you teach kids to break down their thinking into different processes, they won't get overwhelmed. For example, what if this was a math problem, and they just intuitively get scared? Then, learning doesn't happen. So, you encourage the child to first approach things with their senses, calm down, break things down into smaller pieces, and then once they've solved the problem, they can think about it on a broader scale.",concept\exploration-give,concept\exploration-give,,,,,,,,,,,,,,,,,,
G11,00:03:22,3,no-gai,"i think theres two, right? theres bloom taxonomy, and then the revised,","I think there are two, right? There's Bloom's Taxonomy and then the revised one.",concept\exploration-ask,concept\exploration-ask,,,,,,,,,,,,,,,,,,
G11,00:03:27,2,no-gai,yeah,Yes.,concept\exploration-agree,concept\exploration-agree,,,,,,,,,,,,,,,,,,
G11,00:03:32,3,no-gai, is there like a big difference between these two?,Is there a significant difference between these two?,concept\exploration-ask,concept\exploration-ask,,,,,,,,,,,,,,,,,,
G11,00:03:36,1,no-gai,"so from what i remember, its like the revised one has more of an emphasis on the last ones which is evaluating and creating, i think the first one, then like creating was completely optional and not something that was emphasized, but in the revised, when theyre like anything that we create is based on things that weve analyzed and understood before, ","So from what I remember, the revised version places more emphasis on the last two levels, which are evaluating and creating. In the original version, creating was optional and not particularly emphasized. However, in the revised version, anything we create is based on what we have already analyzed and understood.",concept\exploration-answer,concept\exploration-answer,,,,,,,,,,,,,,,,,,
G11,00:03:57,3,no-gai,"that makes sense, then we didnt need to google or anything, all of its, ","That makes sense, then we didn't need to Google or anything; it's all there.",concept\exploration-build\on,concept\exploration-build\on,,,,,,,,,,,,,,,,,,
G11,00:04:12,1,no-gai,"but like, i also like to add that i was ta at this course, i have like experience like breaking it down, ","But like, I also like to add that I was a TA for this course, so I have experience breaking it down.",selfdisclosure,selfdisclosure,,,,,,,,,,,,,,,,,,
G11,00:04:21,3,no-gai,"yeah, i think the definition makes sense as well","Yeah, I think the definition makes sense as well.",concept\exploration-agree,concept\exploration-agree,,,,,,,,,,,,,,,,,,
G11,00:04:24,"1,2",no-gai,"en,yeah","Mhm, yeah.",concept\exploration-agree,concept\exploration-agree,,,,,,,,,,,,,,,,,,
G11,00:04:30,3,no-gai,"so should we continue or move on to number two,",So should we continue or move on to number two?,monitoring-ask,monitoring-ask,,,,,,,,,,,,,,,,,,
G11,00:04:32,1,no-gai,do you want to move on to the multiple question?,Do you want to move on to the multiple-choice questions?,monitoring-ask,monitoring-ask,,,,,,,,,,,,,,,,,,
G11,00:04:35,2,no-gai,i think its okay,I think it's okay.,monitoring-answer,monitoring-answer,,,,,,,,,,,,,,,,,,
G11,00:04:36,3,no-gai,"i think remember, it could be like naming and defining, ",I think "remember" could be like naming and defining.,solution\development-give,solution\development-give,,,,,,,,,,,,,,,,,,
G11,00:04:50,1,no-gai,naming and defining,Naming and defining.,solution\development-give,solution\development-give,,,,,,,,,,,,,,,,,,
G11,00:04:53,2,no-gai,"yean,yeah","Yeah, yeah.",solution\development-agree,solution\development-agree,,,,,,,,,,,,,,,,,,
G11,00:04:54,1,no-gai,"i think more naming, right? ","I think more about naming, right?",solution\development-ask,solution\development-ask,,,,,,,,,,,,,,,,,,
G11,00:04:56,3,no-gai,"because this defining could be like after you, after you understand, and you remember the definition,","Because this defining could be like after you understand, and then you remember the definition",solution\development-answer,solution\development-answer,,,,,,,,,,,,,,,,,,
G11,00:05:04,2,no-gai,and then you define a question to an answer,And then you define the question to an answer.,solution\development-answer,solution\development-answer,,,,,,,,,,,,,,,,,,
G11,00:05:08,2,no-gai,"for understanding, i think its summarize?","For understanding, I think it's summarize.",solution\development-ask,solution\development-ask,,,,,,,,,,,,,,,,,,
G11,00:05:21,3,no-gai,"the next could be manupulating and staff,  ",The next could be manipulating and stuff.,solution\development-give,solution\development-give,,,,,,,,,,,,,,,,,,
G11,00:05:29,2,no-gai,"yeah,yeah","Yes, yes.",solution\development-agree,solution\development-agree,,,,,,,,,,,,,,,,,,
G11,00:05:52,3,no-gai,"for analyzing, it could be differentiate and propose, or maybe just differentiate?","For analyzing, it could be differentiating and proposing, or maybe just differentiating.",solution\development-ask,solution\development-ask,,,,,,,,,,,,,,,,,,
G11,00:06:19,2,no-gai,"creating, right?","Creating, right?",solution\development-ask,solution\development-ask,,,,,,,,,,,,,,,,,,
G11,00:06:21,1,no-gai,and also code,"And also, consider coding.",solution\development-answer,solution\development-answer,,,,,,,,,,,,,,,,,,
G11,00:06:22,2,no-gai,yeah,Yes.,solution\development-agree,solution\development-agree,,,,,,,,,,,,,,,,,,
G11,00:06:49,3,no-gai,"for the third question, we can just bullet point it first and then forming it to,","For the third question, we can first list the points in bullet form and then organize them into a coherent structure.",planning-give,planning-give,,,,,,,,,,,,,,,,,,
G11,00:06:54,2,no-gai,yeah,Yes.,planning-agree,planning-agree,,,,,,,,,,,,,,,,,,
G11,00:07:20,3,no-gai,"can we say its like similar to your point where you said, you have to teach them like about the senses first and introduce it like slowly to take them from a low level cognitive skills, too high level cognitive skills, could that be like one of the points? ",Can we say that it is similar to your point where you mentioned that we need to teach them about the senses first and introduce the topic gradually to help them transition from low-level cognitive skills to high-level cognitive skills? This could be one of the points.,solution\development-ask,solution\development-ask,,,,,,,,,,,,,,,,,,
G11,00:07:41,1,no-gai,"yeah, it could be like reducing stress on kids,",It could be like reducing stress on kids.,solution\development-answer,solution\development-answer,,,,,,,,,,,,,,,,,,
G11,00:07:43,3,no-gai,"yeah, and like easing into the topic, so they dont feel like overwhelmed or discouraged from approaching like something new,","Yeah, and like easing into the topic, so they don't feel overwhelmed or discouraged from approaching something new.",solution\development-build\on,solution\development-build\on,,,,,,,,,,,,,,,,,,
G11,00:08:56,1,no-gai,"but i feel like with google, unless we go to google scholar, its just going to be articles from psychology today, ","But I feel like with Google, unless we go to Google Scholar, it's just going to be articles from Psychology Today.",evaluating-give,evaluating-give,,,,,,,,,,,,,,,,,,
G11,00:09:03,"2,3",no-gai,"yeah,yeah","Yes, yes.",evaluating-agree,evaluating-agree,,,,,,,,,,,,,,,,,,
G11,00:10:16,1,no-gai," i think we could summarize this is like in the independent studies, yeah,","I think we could summarize this as being similar to independent studies, yeah.",planning-give,planning-give,,,,,,,,,,,,,,,,,,
G11,00:10:18,"2,3",no-gai,yeah,Yeah.,planning-agree,planning-agree,,,,,,,,,,,,,,,,,,
G11,00:10:19,3,no-gai,"and then like in our paragraph, we can give this as an example of how it may be used,","And then, in our paragraph, we can provide this as an example of how it may be used.",planning-give,planning-give,,,,,,,,,,,,,,,,,,
G11,00:19:05,2,no-gai,"yeah, im also finding, but i dont know","Yeah, I'm also finding, but I don't know.",planning-agree,planning-agree,,,,,,,,,,,,,,,,,,
G11,00:19:10,3,no-gai,"i think we can go right to this,",I think we can proceed directly to this.,planning-give,planning-give,,,,,,,,,,,,,,,,,,
G11,00:19:15,2,no-gai,"worldcount,",Word count.,evaluating-give,evaluating-give,,,,,,,,,,,,,,,,,,
G11,00:19:16,3,no-gai,"yeah,yeah,","Yeah, yeah.",evaluating-agree,evaluating-agree,,,,,,,,,,,,,,,,,,
G11,00:19:18,3,no-gai,how much is it?,How much is it?,evaluating-ask,evaluating-ask,,,,,,,,,,,,,,,,,,
G11,00:19:19,2,no-gai,282,282,evaluating-answer,evaluating-answer,,,,,,,,,,,,,,,,,,
G11,00:24:38,2,no-gai,"so now we have 475 words, ",So now we have 475 words.,evaluating-give,evaluating-give,,,,,,,,,,,,,,,,,,
G11,00:26:16,3,gai,have you heard of this framework?,Have you heard of this framework?,concept\exploration-ask,concept\exploration-ask,,,,,,,,,,,,,,,,,,
G11,00:26:18,"1,2,3",gai,hhhh,hhh,emotional\expression,emotional\expression,,,,,,,,,,,,,,,,,,
G11,00:26:18,1,gai,"yeah, but its like so much like last time when theres like low level and high level years more about interaction and learning, so cognitive affective cognition is related to the brain and effective is more related to our emotional states, so the idea is that when like students discuss anything in class, they have their own opinions, emotions, and ideas, right? then depending on that, they can either be low level engagers or high level engagers, so if somebody is like a low level passive engager, theyre listening more and then evaluating and analyzing what other people are saying, voices obviously being a more active participant, but within passive and active as well, theres like sub categories if im not wrong, so with interactive engagement, the idea is like we get readings, right? i dont know what majors do you guys do, but you get readings and then interactive sort of cognitive processing is based on the idea that all students have already done the reading, and they come with this knowledge base and theyre just sharing their affective sort of processing of the situation, everybody is sharing their subjective affective processing because theyve already done their more objective cognitive processing at home, whereas in like constructive engagement or classroom engagement or learning, youre basically like, how do i say this? like, indeed, deconstructing, your set ideas about something already, so i its like, youre evaluating both your cognitive and your effective, like both your emotions on something and your analytical understanding of something, right? like if you go to a history class, you come in with the mindset that too much immigration is bad, or like somebody comes in with a hardline opinion, like every single immigrant in hong kong should speak japanese, and then youll be asked to be constructed and be like, why do you hold these opinions and beliefs, right? like or even to like a much deeper level than you expected? like should countries even have national languages? what does it mean to have a national language? what does it mean to have immigrants? to what extent should immigrants integrate? so then essentially, passive is the passive learning is the least sort of form of engagement you can like have with the concept, but then more interactive, and finally, more constructive engagement is what you want, because you want students to kind of, ","Yeah, but it's so much like last time when there were low-level and high-level years, which were more about interaction and learning. Cognitive affective cognition is related to the brain, and affective is more related to our emotional states. The idea is that when students discuss anything in class, they have their own opinions, emotions, and ideas. Depending on that, they can either be low-level engagers or high-level engagers. If someone is a low-level passive engager, they are listening more and then evaluating and analyzing what other people are saying, whereas voices are obviously being more active participants. Within passive and active engagement, there are subcategories, if I'm not mistaken. With interactive engagement, the idea is that we get readings. I don't know what majors you guys do, but you get readings, and then interactive cognitive processing is based on the assumption that all students have already done the reading. They come with this knowledge base and are just sharing their affective processing of the situation. Everyone is sharing their subjective affective processing because they have already done their more objective cognitive processing at home. In constructive engagement or classroom engagement or learning, you are essentially deconstructing your set ideas about something. You are evaluating both your cognitive and affective, meaning both your emotions and your analytical understanding of something. For example, if you go to a history class, you might come in with the mindset that too much immigration is bad, or someone might come in with a hardline opinion, like every single immigrant in Hong Kong should speak Japanese. Then, you'll be asked to constructively engage and think about why you hold these opinions and beliefs. You might even be pushed to a much deeper level than you expected, such as questioning whether countries should even have national languages, what it means to have a national language, what it means to have immigrants, and to what extent immigrants should integrate. So, essentially, passive learning is the least form of engagement you can have with a concept, but then there is more interactive engagement, and finally, more constructive engagement is what you want because you want students to deconstruct and reconstruct their ideas.",concept\exploration-answer,concept\exploration-answer,,,,,,,,,,,,,,,,,,
G11,00:29:00,3,gai,"so for like this framework, the pathway is like passive to, ","So for this framework, the pathway is from passive to constructive.",concept\exploration-ask,concept\exploration-ask,,,,,,,,,,,,,,,,,,
G11,00:29:04,1,gai,passive to constructive,Passive to constructive.,concept\exploration-answer,concept\exploration-answer,,,,,,,,,,,,,,,,,,
G11,00:29:07,3,gai,"that makes sense, ",That makes sense.,concept\exploration-agree,concept\exploration-agree,,,,,,,,,,,,,,,,,,
G11,00:29:09,1,gai,"but obviously, at once again, you start with the passive, because you just dont wanna have strong opinions about something, sometimes you need to passively read and listen, ","But obviously, at once again, you start with the passive approach because you don't want to have strong opinions about something right away; sometimes, you need to passively read and listen first.",concept\exploration-give,concept\exploration-give,,,,,,,,,,,,,,,,,,
G11,00:29:19,3,gai," yeah, so like its similar to the other one in like that, its like a pathway, but its like a different approach, sort of passive to constructive, whereas that one is like just solely about teaching, ","Yes, so it's similar to the other one in that it follows a pathway, but it takes a different approach, moving from passive to constructive, whereas the other framework is more focused solely on teaching.",concept\exploration-build\on,concept\exploration-build\on,,,,,,,,,,,,,,,,,,
G11,00:29:35,1,gai,"yeah, and i think that one is more about like we wanna create something in society, how do we do that and its like more like step, so that will this is more like information processing, ","Yeah, and I think that one is more about how we want to create something in society and how we can achieve that step by step, whereas this one is more focused on information processing.",concept\exploration-build\on,concept\exploration-build\on,,,,,,,,,,,,,,,,,,
G11,00:29:47,3,gai,"i feel like this one is that the other one could be more like towards younger kids as they start off, and then this one is like, once you are aware of like everything youre learning and understanding, then you can take like this approach, ","I feel like the other one could be more suitable for younger kids as they start off, and then this one is like, once you are aware of everything you're learning and understanding, then you can take this approach.",concept\exploration-give,concept\exploration-give,,,,,,,,,,,,,,,,,,
G11,00:30:01,1,gai,"yeah, because i dont think young kids can deconstruct anything","Yeah, because I don't think young kids can deconstruct anything.",concept\exploration-build\on,concept\exploration-build\on,,,,,,,,,,,,,,,,,,
G11,00:30:03,3,gai,"yeah,yeah,","Yeah, yeah.",concept\exploration-agree,concept\exploration-agree,,,,,,,,,,,,,,,,,,
G11,00:30:11,2,gai,so should we move on?,"So, should we move on?",monitoring-ask,monitoring-ask,,,,,,,,,,,,,,,,,,
G11,00:30:11,"1,3",gai,"yeah,yeah,","Yeah, yeah.",monitoring-agree,monitoring-agree,,,,,,,,,,,,,,,,,,
G11,00:30:11,2,gai,"i think the first one like maybe discuss, ",I think the first one should be "discuss.",solution\development-give,solution\development-give,,,,,,,,,,,,,,,,,,
G11,00:30:24,3,gai,or even debate as well,or even "debate" as well.,solution\development-give,solution\development-give,,,,,,,,,,,,,,,,,,
G11,00:30:42,1,gai,"it should constructively create because youre creating like a whole new idea of the destroying all measures,",It should constructively create because you're creating a whole new idea by destroying all previous measures.,solution\development-give,solution\development-give,,,,,,,,,,,,,,,,,,
G11,00:30:54,2,gai,"for activity, maybe find, find or look,","For the activity, maybe ""find"" or ""look"" would be appropriate.",solution\development-give,solution\development-give,,,,,,,,,,,,,,,,,,
G11,00:30:58,1,gai,i think its maybe…,I think it might be...,solution\development-give,solution\development-give,,,,,,,,,,,,,,,,,,
G11,00:30:59,3,gai,find,Find.,solution\development-give,solution\development-give,,,,,,,,,,,,,,,,,,
G11,00:31:02,"1,2",gai,"yeah,yeah","Yes, yes.",solution\development-agree,solution\development-agree,,,,,,,,,,,,,,,,,,
G11,00:31:05,2,gai,"passive, listen",Passive: listen.,solution\development-give,solution\development-give,,,,,,,,,,,,,,,,,,
G11,00:31:06,1,gai,and observe,and observe.,solution\development-give,solution\development-give,,,,,,,,,,,,,,,,,,
G11,00:31:06,3,gai,yeah,Yes.,solution\development-agree,solution\development-agree,,,,,,,,,,,,,,,,,,
G11,00:31:07,3,gai,what about last two?,What about the last two?,solution\development-ask,solution\development-ask,,,,,,,,,,,,,,,,,,
G11,00:31:29,1,gai,"i think more of the last one, because when you watch and explain , emm,  and it depends on like how controversial your opinion is,","I think more of the last one, because when you watch and explain, it depends on how controversial your opinion is.",solution\development-answer,solution\development-answer,,,,,,,,,,,,,,,,,,
G11,00:31:34,3,gai,true,True.,solution\development-agree,solution\development-agree,,,,,,,,,,,,,,,,,,
G11,00:31:47,3,gai,or second,or the second option.,solution\development-give,solution\development-give,,,,,,,,,,,,,,,,,,
G11,01:31:47,2,gai,"emm,emm","Hmm, hmm.",solution\development-agree,solution\development-agree,,,,,,,,,,,,,,,,,,
G11,00:31:52,1,gai,"even the last one, right? listening, ","Even the last one, right? Listening.",solution\development-ask,solution\development-ask,,,,,,,,,,,,,,,,,,
G11,00:31:53,2,gai,yeah,Yes.,solution\development-answer,solution\development-answer,,,,,,,,,,,,,,,,,,
G11,00:31:56,3,gai,"maybe we can like pace the key points from ai stuff and then,",Maybe we can paste the key points from the AI stuff and then proceed.,planning-give,planning-give,,,,,,,,,,,,,,,,,,
G11,00:33:23,1,gai,what is the commend on this laptop?,What is the command on this laptop?,coordinate\procedure-ask,coordinate\procedure-ask,,,,,,,,,,,,,,,,,,
G11,00:33:29,3,gai,i think its control,I think it's control.,coordinate\procedure-answer,coordinate\procedure-answer,,,,,,,,,,,,,,,,,,
G11,00:33:35,1,gai,"you keep saying the same thing over and over again for like the first two paragraph,",You keep repeating the same thing over and over again in the first two paragraphs.,evaluating-give,evaluating-give,,,,,,,,,,,,,,,,,,
G11,00:34:43,2,gai,"yeah, is the same idea, ",The idea is the same.,evaluating-agree,evaluating-agree,,,,,,,,,,,,,,,,,,
G11,00:35:17,3,gai,"for like when i put it into the ai theyre giving me like suggestions on each of the framework step individually, ","For when I input it into the AI, it provided me with suggestions for each step of the framework individually.",evaluating-give,evaluating-give,,,,,,,,,,,,,,,,,,
G11,00:35:27,3,gai,"write the paragraph like that, so like the last question, it was more general like how we can do it, because should essentially be like explaining each of the framework and suggesting a few examples for each, and then put it into like a story order, so its like for, lets see,","Write the paragraph like that, so for the last question, it was more general, like how we can do it, because it should essentially be like explaining each framework step and suggesting a few examples for each, and then putting it into a story order, so it's like for, let's see.",evaluating-give,evaluating-give,,,,,,,,,,,,,,,,,,
G11,00:35:51,1,gai,"yeah, definitely","Yes, definitely.",evaluating-agree,evaluating-agree,,,,,,,,,,,,,,,,,,
G11,00:35:55,1,gai,"yeah, because i remember the last one, there was a goal, but here all four you can use,","Yeah, because I remember the last one had a specific goal, but here all four can be utilized.",evaluating-give,evaluating-give,,,,,,,,,,,,,,,,,,
G11,00:36:01,3,gai,"yeah, because that one is like more of a step, this one, the ai is explaining like individually, ","Yeah, because that one is more like a step-by-step process, while this one, the AI is explaining each framework individually.",evaluating-give,evaluating-give,,,,,,,,,,,,,,,,,,
G33,00:01:19,2,no-gai,"so we start were just like doing it together,",So we started by doing it together.,coordinate\procedure-give,coordinate\procedure-give,,,,,,,,,,,,,,,,,,
G33,00:01:20,2,no-gai,"okay, we cant use like chatgpt but we can use like google and stuff,right？","Okay, we can't use ChatGPT, but we can use Google and other resources, right?",planning-give,planning-give,,,,,,,,,,,,,,,,,,
G33,00:01:31,2,no-gai,anybody know anything about like bloom taxonomy?,Does anyone know anything about Bloom's Taxonomy?,concept\exploration-ask,concept\exploration-ask,,,,,,,,,,,,,,,,,,
G33,00:03:29,2,no-gai," i think i found like a similar file,",I think I found a similar file.,concept\exploration-answer,concept\exploration-answer,,,,,,,,,,,,,,,,,,
G33,00:06:33,2,no-gai,so i think like are you guys done?,Are you guys done?,monitoring-ask,monitoring-ask,,,,,,,,,,,,,,,,,,
G33,00:06:36,1,no-gai," i just search some of that for the last question,i think just basically online resources have been pretty enough,weve seen this,i just copy this one,","I just searched for some information for the last question, and I think that the online resources we found were pretty sufficient. We've already seen this, so I just copied it.",planning-give,planning-give,,,,,,,,,,,,,,,,,,
G33,00:06:53,2,no-gai, like you found like a resource that answers the question,Like you found a resource that answers the question.,planning-give,planning-give,,,,,,,,,,,,,,,,,,
G33,00:06:58,1,no-gai,"yes,",Yes.,planning-agree,planning-agree,,,,,,,,,,,,,,,,,,
G33,00:06:59,2,no-gai,"got it, got it,","Got it, got it.",planning-agree,planning-agree,,,,,,,,,,,,,,,,,,
G33,00:07:10,2,no-gai," honestly,but i think like from what is what ive read so far is just like quite clear that there is like a hierarchy of learning and then the bottom is remembering which is basically multiple global education like what multiple global education stands upon,  and maybe some places you get to understand,but like apply,analyze and all that like the 4 points","Honestly, but I think from what I've read so far, it's quite clear that there is a hierarchy of learning. The bottom level is remembering, which is essentially the foundation of multiple-choice global education. In some cases, you move to understanding, but then there are also levels like applying, analyzing, and the other higher-order cognitive skills.",concept\exploration-give,concept\exploration-give,,,,,,,,,,,,,,,,,,
G33,00:07:48,3,no-gai,"maybe we can divide it, or should we divide the work and write it down,","Maybe we can divide the work, or should we divide it and write it down?",coordinate\participants-ask,coordinate\participants-ask,,,,,,,,,,,,,,,,,,
G33,00:08:19,3,no-gai,"i think youre the sourcing is quicker,",I think you're the one who sources information more quickly.,coordinate\participants-answer,coordinate\participants-answer,,,,,,,,,,,,,,,,,,
G33,00:08:22,1,no-gai,"okay,",Okay.,coordinate\participants-agree,coordinate\participants-agree,,,,,,,,,,,,,,,,,,
G33,00:11:01,1,no-gai,so should we just write in our own words？,"So, should we write it in our own words?",planning-ask,planning-ask,,,,,,,,,,,,,,,,,,
G33,00:11:06,2,no-gai,"write it like you wanna paraphrase then rewrite it,",Write it like you want to paraphrase and then rewrite it.,planning-answer,planning-answer,,,,,,,,,,,,,,,,,,
G33,00:11:13,2,no-gai,"you can give like some opinions about what you think about the article,hhh,","You can provide some opinions about what you think of the article, haha.",planning-give,planning-give,,,,,,,,,,,,,,,,,,
G33,00:11:17,1,no-gai,"okay, what do you think？","Okay, what do you think?",solution\development-ask,concept\exploration-ask,,,,,,,,,,,,,,,,,,
G33,00:11:24,2,no-gai,"yeah,i think its like really hard to get it way out of it,like i feel like its kind of like romanticized way of thinking,all like were gonna like reform education,but then are you really going to do that because then how are you going to select students enter university and how are you going to rank people on top of each other, its like promoting like a learning analyzing sense is quite good,but then the entire system depends upon you like be ranked above someone else or below someone else,","I think it's really hard to implement it fully because it feels somewhat romanticized—like we're going to reform education, but are we really going to do that? How will we select students for university, and how will we rank people against each other? Promoting a learning and analytical mindset is good, but the entire system still depends on ranking people above or below one another.",concept\exploration-give,concept\exploration-give,,,,,,,,,,,,,,,,,,
G33,00:11:50,1,no-gai,"i think its just a methodology for for those teacher evaluations like lets say those ranked teachers they may do some sort of like a teachers competition and that is they will because i use this way of teaching and then im pretty advanced, i think its like more formal than its actual inside value,","I think it's just a methodology for teacher evaluations. For example, teachers who are ranked might participate in some sort of competition where they demonstrate their use of this teaching method, and as a result, they appear more advanced. However, I think it's more formal than it is actually valuable in practice.",concept\exploration-give,concept\exploration-give,,,,,,,,,,,,,,,,,,
G33,00:11:52,"2,3",no-gai,hhhh,hhhh,emotional\expression,emotional\expression,,,,,,,,,,,,,,,,,,
G33,00:12:30,2,no-gai,"but i think it could be nice for like little kids because then they have like less less steaks like if youre doing for a second third 4th year education,i think theyre like theyre not going to be under like a lot of pressure, so you can try to do those things like ill get them to like teach each other and then get them to do like different thinking activities,","I think it could be nice for younger kids because they have less pressure. If you're teaching second, third, or fourth graders, they won't be under a lot of stress, so you can encourage them to teach each other and engage in different thinking activities.",concept\exploration-give,concept\exploration-give,,,,,,,,,,,,,,,,,,
G33,00:12:56,3,no-gai,"i feel like i am agree about all your opinions,",I feel like I agree with all your opinions.,concept\exploration-aree,concept\exploration-aree,,,,,,,,,,,,,,,,,,
G33,00:13:05,2,no-gai,"theres like this awkwardness of like group project energy,",There's a certain awkwardness in the energy of group projects.,emotional\expression ,emotional\expression ,,,,,,,,,,,,,,,,,,
G33,00:13:10,2,no-gai,"but i found this link for the multiple choice where i was like comparing it and let me also paste it here,","But I found this link for the multiple choice questions where I was comparing the answers, and let me also paste it here.",solution\development-give ,solution\development-give ,,,,,,,,,,,,,,,,,,
G33,00:13:39,1,no-gai,"i pretty much finish this, or shall we switch to the next?",I pretty much finished this; shall we switch to the next?,monitoring-ask,monitoring-ask,,,,,,,,,,,,,,,,,,
G33,00:13:43,2,no-gai,"im not sure, i think were done,",I'm not sure; I think we're done.,monitoring-answer,monitoring-answer,,,,,,,,,,,,,,,,,,
G33,00:15:40,1,no-gai,"i got pasted like a general like for different levels how would they implement that in the teacher’s teaching, and what about just like write how do you think the effectiveness of this,","I got pasted a general idea for different levels on how they would implement that in the teacher's teaching, and what about just writing how do you think the effectiveness of this is?",planning-ask ,planning-ask,,,,,,,,,,,,,,,,,,
G33,00:15:52,1,no-gai,"each write a part, and then we get this,","Each person writes a part, and then we combine them.",coordinate\participants-\give,coordinate\participants-\give,,,,,,,,,,,,,,,,,,
G33,00:16:01,2,no-gai," i just want to write some stuff about like self-evaluation, ill just write like say something,","I just want to write some stuff about self-evaluation, so I'll just write something.",coordinate\participants-\give,coordinate\participants-\give,,,,,,,,,,,,,,,,,,
G33,00:16:43,2,no-gai,"maybe ill write evaluation,",Maybe I'll write about evaluation.,coordinate\participants-\give,coordinate\participants-\give,,,,,,,,,,,,,,,,,,
G33,00:20:23,2,no-gai,should i keep the original wirting?,Should I keep the original writing?,planning-ask,planning-ask,,,,,,,,,,,,,,,,,,
G33,00:20:32,1,no-gai,"just keep it,",Just keep it.,planning-answer,planning-answer,,,,,,,,,,,,,,,,,,
G33,00:20:51,2,no-gai,are you writing your opinion about it？,Are you writing your opinion about it?,planning-ask,planning-ask,,,,,,,,,,,,,,,,,,
G33,00:20:53,1,no-gai,a lot of,I have a lot of.,planning-answer,planning-answer,,,,,,,,,,,,,,,,,,
G33,00:27:23,1,gai,"yeah,so it is a tool using education to help teachers define implement better learning experience basically similar as the last but it is like not a step by step progression,i think it is more,","Yeah, so it is a tool used in education to help teachers define and implement better learning experiences, which is similar to the last one, but it is not a step-by-step progression; I think it is more.",concept\exploration-give,concept\exploration-give,,,,,,,,,,,,,,,,,,
G33,00:27:49,2,gai,"measures for core domains of skills,intellectual,curiosity,comments and flexibility,academic perseverance and academic, it’s interesting quite while around an evaluation and then they take into consideration like gpa and all that stuff as well, but then they also keep surveys questionnaire, although im not sure how effective is a questionnaire,","Measures for core domains of skills, including intellectual curiosity, comments, flexibility, academic perseverance, and academic performance, are quite interesting. These measures take into consideration GPA and other factors, but they also include surveys and questionnaires. However, I'm not sure how effective these questionnaires are.",concept\exploration-give,concept\exploration-give,,,,,,,,,,,,,,,,,,
G33,00:28:25,3,gai,"also says like its not classifying individuals and like not like the previous one and highlight this year the different learners have different like levels understanding and it depends on the tasks,","Also, it says that it does not classify individuals and, unlike the previous one, it highlights that different learners have different levels of understanding, which depends on the tasks.",concept\exploration-give,concept\exploration-give,,,,,,,,,,,,,,,,,,
G33,00:28:46,1,gai,"ai doesnt give me the same as what is they have provided,",AI doesn't give me the same as what they have provided.,evaluating-give,evaluating-give,,,,,,,,,,,,,,,,,,
G33,00:28:52,2,gai,which one are you using？,Which one are you using?,evaluating-ask,evaluating-ask,,,,,,,,,,,,,,,,,,
G33,00:29:00,2,gai,"i use like poe,i think its pretty good, like they either claude or like web search,web search also gives you like the source,it brings it from you like not only for this task,but like you can use that or pirer studies,i think i find it, so you go to here the,","I use POE, and I think it's pretty good. It either uses Claude or web search. The web search also provides sources, bringing them from various places. This is not only useful for this task but can also be used for peer studies. I think I found it, so you can go here to check it out.",evaluating-answer,evaluating-answer,,,,,,,,,,,,,,,,,,
G33,00:29:13,1,gai,"so this poe is the ai, right?","So, this POE is the AI, right?",evaluating-ask,evaluating-ask,,,,,,,,,,,,,,,,,,
G33,00:29:18,2,gai,"poe like is api so it connects you to different types of ai it has chatgpt and all like different types of ai chat bot, but i use the web search one which kind of provides you the resource it got the answer from, also you can like double check what it is saying,for example give me listen and observe,","Poe is an API that connects you to various types of AI, including ChatGPT and other AI chatbots. I used the web search feature, which provides the source of the information it retrieves. This allows you to double-check the accuracy of the information. For example, you can ask for ""listen"" and ""observe"" and verify the sources.",evaluating-answer,evaluating-answer,,,,,,,,,,,,,,,,,,
G33,00:29:44,2,gai,"let me mark down the answers,",Let me mark down the answers.,planning-give,planning-give,,,,,,,,,,,,,,,,,,
G33,00:29:49,1,gai,is this that?,Is this it?,evaluating-ask,evaluating-ask,,,,,,,,,,,,,,,,,,
G33,00:29:53,2,gai,"yes,but then you need to like explore and then theres like different ones, some are pieces,some i really like that, its quite simple, ","Yes, but then you need to explore, and there are different options. Some are partial, while others are more comprehensive. I really like that it's quite simple.",evaluating-answer,evaluating-answer,,,,,,,,,,,,,,,,,,
G33,00:31:20,1,gai,"you write this and you just modify on something we pasted within 100 words,",You write this and you just modify something we pasted within 100 words.,planning-give,planning-give,,,,,,,,,,,,,,,,,,
G33,00:31:32,2,gai,"that is quite like long,",That is quite long.,evaluating-give,evaluating-give,,,,,,,,,,,,,,,,,,
G33,00:31:36,1,gai,i just complete it,I just completed it.,monitoring-give,monitoring-give,,,,,,,,,,,,,,,,,,
G33,00:31:38,2,gai,"let me paste it to another gpt and see what the inputs is,",Let me paste it into another GPT and see what the input is.,planning-give,planning-give,,,,,,,,,,,,,,,,,,
G33,00:31:38,"1,3",gai,hhhh,hhhh,emotional\expression,emotional\expression,,,,,,,,,,,,,,,,,,
G33,00:31:48,2,gai,"i do this from my own essays and its like so useful because like i think chatgpt writes well,but i think its like mid, i would give it like 75,","I do this with my own essays and it's so useful because I think ChatGPT writes well, but I think it's just average; I would give it a 75.",evaluating-give,evaluating-give,,,,,,,,,,,,,,,,,,
G33,00:31:51,2,gai,so i say could you write out of hundred and give me feedback to improve it and rewrite it?,"So, I said, 'Could you write out of a hundred and give me feedback to improve it and rewrite it?'",evaluating-give,evaluating-give,,,,,,,,,,,,,,,,,,
G33,00:32:22,2,gai, it got 92 out of a hundred,It received 92 out of 100.,evaluating-give,evaluating-give,,,,,,,,,,,,,,,,,,
G33,00:32:23,1,gai,thats pretty nice,That's pretty nice.,evaluating-give,evaluating-give,,,,,,,,,,,,,,,,,,
G33,00:32:24,3,gai,thats really good,That's really good.,evaluating-give,evaluating-give,,,,,,,,,,,,,,,,,,
G33,00:32:28,2,gai,let me ask it to rewrite according to feedback,Let me ask it to rewrite according to the feedback.,planning-give,planning-give,,,,,,,,,,,,,,,,,,
G33,00:32:44,2,gai,were teaching it to self evaluate,We are teaching it to self-evaluate.,planning-give,planning-give,,,,,,,,,,,,,,,,,,
G33,00:33:05,2,gai,this is the result and now we can change it,"This is the result, and now we can modify it.",planning-give,planning-give,,,,,,,,,,,,,,,,,,
G33,00:33:52,1,gai,"okay, we done","Okay, we're done.",monitoring-give,monitoring-give,,,,,,,,,,,,,,,,,,
G33,00:34:58,1,gai,"we can put this together and check what is right and wrong,",We can put this together and check what is correct and what is incorrect.,planning-give,planning-give,,,,,,,,,,,,,,,,,,
G33,00:35:03,"2,3",gai,okay,Okay.,planning-agree,planning-agree,,,,,,,,,,,,,,,,,,
G33,00:35:05,1,gai," the first two are represent and create, so then debate and discuss, no describe, and then constructive is represented and creat","The first two are ""represent"" and ""create,"" so then ""debate"" and ""discuss,"" not ""describe,"" and then ""constructive"" is ""represented"" and ""create.""",solution\development-give,solution\development-give,,,,,,,,,,,,,,,,,,
G33,00:35:16,2,gai,okay,Okay.,solution\development-agree,solution\development-agree,,,,,,,,,,,,,,,,,,
G33,00:35:17,1,gai,"and then recall and find and then listen and observe and then drawing a concept map,watching a video and explain it to a last one lecture watching a lecture without interaction,reading a textbook silently listening, bluh bluh friend,writing a reflective essay after reading a textbook and that is,","And then ""recall"" and ""find"", and then ""listen"" and ""observe"", and then ""drawing a concept map"", ""watching a video"" and ""explaining it to a friend"", ""writing a reflective essay after reading a textbook"", and that is.",solution\development-give,solution\development-give,,,,,,,,,,,,,,,,,,
G33,00:35:39,2,gai,ok next,"Okay, next.",monitoring-give,monitoring-give,,,,,,,,,,,,,,,,,,
G33,00:35:41,1,gai,ok,Okay.,monitoring-agree,monitoring-agree,,,,,,,,,,,,,,,,,,
G15,00:05:55,1,no-gai,"sure, so maybe we can talk about definition first, i saw you have written down something, would you wanna go first? ","Sure, so maybe we can start by discussing the definition. I see you've written something down; would you like to go first?",coordinate\procedure-ask,coordinate\procedure-ask,,,,,,,,,,,,,,,,,,
G15,00:06:08,3,no-gai,"blooms taxonomy is basically its sort of an educational learning model which is used for classifying cognitive processes into a hierarchical order, so it starts off with remembering, which is like simple recalling and recalling information from memory, and then there is understanding where you understand the i or comprehend the idea in a much more deeper sense, then theres application where you would use your knowledge to solve problems, and then theres analyzing where you would differentiate or organize different concepts and break it into different fragments, and then lastly, would be evaluating that is like judging the quality of the of the concept or evaluating the criticality of the concept, perhaps and then lastly, create where you design or construct your own ideas, ","Bloom's Taxonomy is essentially an educational learning model used to classify cognitive processes in a hierarchical order. It begins with remembering, which involves simple recalling and retrieving information from memory. Next is understanding, where one comprehends or grasps the idea on a deeper level. Following that is application, which involves using knowledge to solve problems. Then comes analyzing, where one differentiates, organizes, and breaks down concepts into smaller fragments. After that, there is evaluating, which entails judging the quality or critically assessing the concept. Finally, there is creating, where one designs or constructs their own ideas.",concept\exploration-give,concept\exploration-give,,,,,,,,,,,,,,,,,,
G15,00:07:08,1,no-gai,"i think absolutely right, and just to add something, for people who use this taxonomy, the designers can access whether the learning objectives have been met and identify areas where the course can be enhanced, yeah, by the probably the teachers and i think the students can also use this theory to talk about, i to track their learning, how to say learning, ","I think that's absolutely right, and just to add something, for people who use this taxonomy, the designers can assess whether the learning objectives have been met and identify areas where the course can be enhanced. This can be done by teachers, and I think students can also use this theory to track their learning progress.",concept\exploration-build\on,concept\exploration-build\on,,,,,,,,,,,,,,,,,,
G15,00:07:40,3,no-gai,progress,Progress.,concept\exploration-build\on,concept\exploration-build\on,,,,,,,,,,,,,,,,,,
G15,00:07:41,1,no-gai,"yeah, progress","Yeah, progress.",concept\exploration-agree,concept\exploration-agree,,,,,,,,,,,,,,,,,,
G15,00:07:44,1,no-gai,do you have anything else? ,Do you have anything else to add?,concept\exploration-ask,concept\exploration-ask,,,,,,,,,,,,,,,,,,
G15,00:07:46,2,no-gai,"i think you cover it pretty much,",I think you covered it pretty much.,concept\exploration-answer,concept\exploration-answer,,,,,,,,,,,,,,,,,,
G15,00:07:48,1,no-gai,thanks,Thank you.,encouragement,encouragement,,,,,,,,,,,,,,,,,,
G15,00:07:50,2,no-gai,i think we can move to the next part,I think we can move on to the next part.,monitoring-give,monitoring-give,,,,,,,,,,,,,,,,,,
G15,00:07:51,1,no-gai,"yeah ,sure","Sure, let's move on to the next part.",monitoring-agree,monitoring-agree,,,,,,,,,,,,,,,,,,
G15,00:07:54,2,no-gai,"so i found like basically some synonyms regarding the build taxonomy online, so ii fill in some of them like some of the options in there from the diagram, but we can discuss like the rest, ","So I found some synonyms related to Bloom's Taxonomy online, and I filled in a few of the options from the diagram. However, we can still discuss the remaining ones.",solution\development-give,solution\development-give,,,,,,,,,,,,,,,,,,
G15,00:08:02,2,no-gai,"maybe its start off remembering, so as you mentioned, its like to like define or to like understand, i guess, who learn about the concept from an early stage, ","Maybe it starts with remembering, as you mentioned, which is like ""defining"" or ""understanding"", I guess, when learning about a concept from an early stage.",solution\development-give,solution\development-give,,,,,,,,,,,,,,,,,,
G15,00:08:34,1,no-gai,"i would also add name, take the name, yeah, i think its also relevant, yeah, for understanding, ","I would also add ""name"" to the list, as I think it is relevant for understanding.",solution\development-give,solution\development-give,,,,,,,,,,,,,,,,,,
G15,08:49:00,2,no-gai,"so it says to explain, ",So it says "explain".,solution\development-give,solution\development-give,,,,,,,,,,,,,,,,,,
G15,00:08:51,1,no-gai,"the yes, yeah, i think were looking at the same group"," yeah, I think we're looking at the same group.",solution\development-agree,solution\development-agree,,,,,,,,,,,,,,,,,,
G15,00:09:02,2,no-gai,"i dont think its formally because that should be the last stage to create according to that diagram, ","I don't think it's formally because that should be the last stage, which is to create, according to that diagram.",solution\development-disagree,solution\development-disagree,,,,,,,,,,,,,,,,,,
G15,00:09:08,1,no-gai,"i don’t think  its summarized as well, ",I don’t think it’s "summarized" as well.,solution\development-give,solution\development-give,,,,,,,,,,,,,,,,,,
G15,00:09:10,1,no-gai,so understanding it is to indicate ,"So, understanding it is to ""indicate"".",solution\development-give,solution\development-give,,,,,,,,,,,,,,,,,,
G15,00:09:17,2,no-gai,"probably not, maybe its like the part of it design, ","Probably not, maybe it's part of the design.",solution\development-disagree,solution\development-disagree,,,,,,,,,,,,,,,,,,
G15,00:09:20,2,no-gai,"yeah, so were good, ","Yeah, so we're good.",solution\development-agree,solution\development-agree,,,,,,,,,,,,,,,,,,
G15,00:09:38,1,no-gai,i think validate seems to be the most relevant ,I think "validate" seems to be the most relevant.,solution\development-give,solution\development-give,,,,,,,,,,,,,,,,,,
G15,00:09:44,3,no-gai,"perhaps calculate using your knowledge to,","Perhaps ""calculate"", using your knowledge to apply it in new situations.",solution\development-give,solution\development-give,,,,,,,,,,,,,,,,,,
G15,00:09:48,1,no-gai,"thats right, because as what ive seen or what ive found is use information in new situations, its kind of so i think both works,","That's right, because as I have seen or found, using information in new situations is kind of what both works are about.",solution\development-build\on,solution\development-build\on,,,,,,,,,,,,,,,,,,
G15,00:10:00,3,no-gai,"emm,emm","Hmm, hmm.",solution\development-agree,solution\development-agree,,,,,,,,,,,,,,,,,,
G15,00:10:01,2,no-gai,"i think that thing might be like the evaluate part like to judge whether its quite like its credibility, ","I think that thing might be like the evaluate part, where you judge whether it's credible or not.",solution\development-give,solution\development-give,,,,,,,,,,,,,,,,,,
G15,00:10:08,3,no-gai,"like you like the quality of that, ",like you like the quality of it.,solution\development-give,solution\development-give,,,,,,,,,,,,,,,,,,
G15,00:10:10,1,no-gai,"ok, got it, got it","Got it, got it.",solution\development-agree,solution\development-agree,,,,,,,,,,,,,,,,,,
G15,00:10:15,2,no-gai,"just calculate then, i guess, so analyze","Just ""calculate"", then, I guess, for analyze.",solution\development-give,solution\development-give,,,,,,,,,,,,,,,,,,
G15,00:10:38,1,no-gai,i think differentiate ,I think "differentiate".,solution\development-give,solution\development-give,,,,,,,,,,,,,,,,,,
G15,00:10:42,2,no-gai,not too sure about locate,Not too sure about "locate.",solution\development-give,solution\development-give,,,,,,,,,,,,,,,,,,
G15,00:10:44,2,no-gai,what are you guys think? ,What do you guys think?,solution\development-ask,solution\development-ask,,,,,,,,,,,,,,,,,,
G15,00:10:52,2,no-gai,"im not sure what does it mean, its to locate like the connection or it was just to like locate like this is the concept, ",I'm not sure what it means; is "locate" referring to finding the connection or simply identifying the concept?,solution\development-answer,solution\development-answer,,,,,,,,,,,,,,,,,,
G15,00:11:00,1,no-gai,"yeah,because analyze also has a meaning of relating, yeah, so i think locating can be yes, can be no, depends on how do you guys think, ","Yeah, because analyze also has a meaning of relating, so I think locating can be yes or no, depending on how you guys think.",solution\development-build\on,solution\development-build\on,,,,,,,,,,,,,,,,,,
G15,00:11:14,3,no-gai,"i feel like from my point of view located would more be a part of evaluation, because thats where you would justify your stand or your decision, so i am not sure about this,","I feel like from my point of view, ""located"" would more likely be a part of evaluation, because that's where you would justify your stand or your decision, so I am not sure about this.",solution\development-give,solution\development-give,,,,,,,,,,,,,,,,,,
G15,00:11:38,1,no-gai,"we can come back later,",We can come back to it later.,monitoring-give,monitoring-give,,,,,,,,,,,,,,,,,,
G15,00:11:38,2,no-gai,"yeah, yeah","Yeah, yeah.",monitoring-agree,monitoring-agree,,,,,,,,,,,,,,,,,,
G15,00:11:41,1,no-gai,evaluating,Evaluating.,solution\development-give,solution\development-give,,,,,,,,,,,,,,,,,,
G15,00:11:45,2,no-gai,jude,"""judge"".",solution\development-give,solution\development-give,,,,,,,,,,,,,,,,,,
G15,00:11:45,1,no-gai,"yeah,yeah","Yes, yes.",solution\development-agree,solution\development-agree,,,,,,,,,,,,,,,,,,
G15,00:11:46,1,no-gai,score,"""Score"".",solution\development-give,solution\development-give,,,,,,,,,,,,,,,,,,
G15,00:11:46,3,no-gai,yeah,Yeah.,solution\development-agree,solution\development-agree,,,,,,,,,,,,,,,,,,
G15,00:11:52,1,no-gai,"creating, i think its right and integrate,","Creating, I think it's ""write"" and ""integrate"".",solution\development-give,solution\development-give,,,,,,,,,,,,,,,,,,
G15,00:11:56,"2,3",no-gai,"yeah,yeah","Yes, yes.",solution\development-agree,solution\development-agree,,,,,,,,,,,,,,,,,,
G15,00:12:03,1,no-gai,"i think we can go back to four locate, analyze,","I think we can go back to the fourth question, which is about locate and analyze.",monitoring-give,monitoring-give,,,,,,,,,,,,,,,,,,
G15,00:12:44,1,no-gai,"i think locate has a meaning of discovering the accept place or position of something, so probably its more to understanding,","I think ""locate"" has a meaning of discovering the exact place or position of something, so it probably relates more to understanding.",concept\exploration-give,concept\exploration-give,,,,,,,,,,,,,,,,,,
G15,00:12:55,2,no-gai,"yeah, okay","Yeah, okay.",concept\exploration-agree,concept\exploration-agree,,,,,,,,,,,,,,,,,,
G15,00:12:59,1,no-gai,"for analyzing we just choose differentiate,","For analyzing, we just choose ""differentiate:.",solution\development-give,solution\development-give,,,,,,,,,,,,,,,,,,
G15,00:13:08,1,no-gai,lets move on to third ,Let's move on to the third task.,monitoring-give,monitoring-give,,,,,,,,,,,,,,,,,,
G15,00:13:28,2,no-gai,"i guess we can perhaps list different examples to explain how the process can be made like, mhm, i guess like for example, like if someones learning about medicine, its that the process is really different from someone learning, or maybe some like literature, ","I guess we can perhaps list different examples to explain how the process can be made, like, for example, if someone is learning about medicine, the process is really different from someone learning, say, literature.",planning-give,planning-give,,,,,,,,,,,,,,,,,,
G15,00:13:55,1,no-gai,"thats right, maybe i can find the example, as i would see if there are any online examples, ","That's right, maybe I can find an example, as I would see if there are any online examples.",planning-give,planning-give,,,,,,,,,,,,,,,,,,
G15,00:14:53,1,no-gai,"yeah, i found some examples, but they are not from the same topic, ","I found some examples, but they are not from the same topic.",planning-give,planning-give,,,,,,,,,,,,,,,,,,
G15,00:18:01,2,no-gai,"should we shorten it, i think we need to regulate in like 500 words, ",Should we shorten it? I think we need to regulate it to be within 500 words.,evaluating-give,evaluating-give,,,,,,,,,,,,,,,,,,
G15,00:18:07,1,no-gai,"we can just leave three examples for each one, ",We can just leave three examples for each one.,evaluating-give,evaluating-give,,,,,,,,,,,,,,,,,,
G15,00:21:43,2,no-gai,i think it should be 500,I think it should be 500 words.,evaluating-give,evaluating-give,,,,,,,,,,,,,,,,,,
G15,00:21:44,1,no-gai,"its within 500, 450 something, ","It's within 500, 450 something.",evaluating-give,evaluating-give,,,,,,,,,,,,,,,,,,
G15,00:22:29,1,gai,we are moving on to task two,We are transitioning to Task Two.,monitoring-give,monitoring-give,,,,,,,,,,,,,,,,,,
G15,00:24:23,2,gai,"i guess we first talk about the definition of icp framework, ",I guess we should first talk about the definition of the ICAP framework.,planning-give,planning-give,,,,,,,,,,,,,,,,,,
G15,00:24:38,2,gai,"i searched this on both chatgpt and poe,",I searched for this on both ChatGPT and Poe.,planning-give,planning-give,,,,,,,,,,,,,,,,,,
G15,00:24:40,2,gai," i think its pretty similar,i think paul is a bit more a bit more detail, but it looks more or less the same, ","I think it's pretty similar; I think POE's explanation is a bit more detailed, but it looks more or less the same.",evaluating-give,evaluating-give,,,,,,,,,,,,,,,,,,
G15,00:24:50,2,gai,"so i stands for interactive, c is constructive, a is active, p is passive, ","So, I stands for interactive, C stands for constructive, A stands for active, and P stands for passive.",concept\exploration-give,concept\exploration-give,,,,,,,,,,,,,,,,,,
G15,00:25:00,1,gai,"i think its also like a instructional design model for learning purpose and evaluating learning progress, yeah,","I think it is also an instructional design model for learning purposes and evaluating learning progress, yeah.",concept\exploration-give,concept\exploration-give,,,,,,,,,,,,,,,,,,
G15,00:25:13,1,gai,do you have anything else? ,Do you have anything else to add?,concept\exploration-ask,concept\exploration-ask,,,,,,,,,,,,,,,,,,
G15,00:25:15,3,gai,"i searched it on poe and i got something entirely different, this is individual career and academic planning, which is like a structure process which helps students explore and plan their future, ","I searched it on Poe and got something entirely different; it was about Individual Career and Academic Planning, which is a structured process that helps students explore and plan their future.",concept\exploration-answer,concept\exploration-answer,,,,,,,,,,,,,,,,,,
G15,00:25:29,1,gai,really? can i have a look?,Really? Can I have a look?,concept\exploration-ask,concept\exploration-ask,,,,,,,,,,,,,,,,,,
G15,00:25:46,1,gai,"actually, for mine is different as well, its  interface, conversation, assessment, and pedagogy, ","Actually, for mine is different as well; it's interface, conversation, assessment, and pedagogy.",concept\exploration-answer,concept\exploration-answer,,,,,,,,,,,,,,,,,,
G15,00:26:00,1,gai,"we should get them some hints about its interactive, constructive, active, and passive, ","We should provide them with some hints about the ICAP framework, which stands for Interactive, Constructive, Active, and Passive.",planning-give,planning-give,,,,,,,,,,,,,,,,,,
G15,00:26:13,3,gai,more precise,More precise.,planning-agree,planning-agree,,,,,,,,,,,,,,,,,,
G15,00:26:59,2,gai,"i guess debate, because its a process of discourse, i guess, to sort of like argue about some ideas that might come to each other, ","I guess ""debate"", because it is a process of discourse, where individuals argue about ideas that come up during the discussion.",solution\development-give,solution\development-give,,,,,,,,,,,,,,,,,,
G15,00:27:18,1,gai,yeah,Yeah.,solution\development-agree,solution\development-agree,,,,,,,,,,,,,,,,,,
G15,00:28:00,3,gai,"instructive is to probably be create, ",Constructive is to probably be "creating".,solution\development-give,solution\development-give,,,,,,,,,,,,,,,,,,
G15,00:28:02,1,gai,"so active will be fine, passive will be listen and observe, ","So, active engagement will be ""find"", and passive engagement will be ""listening"" and ""observing"".",concept\exploration-give,solution\development-give,,,,,,,,,,,,,,,,,,
G15,00:28:26,3,gai,i think its look,I think it's "look.",solution\development-give,solution\development-give,,,,,,,,,,,,,,,,,,
G15,00:28:27,1,gai,"yeah, im thinking about that, ","Yeah, I'm thinking about that.",solution\development-agree,solution\development-agree,,,,,,,,,,,,,,,,,,
G15,00:28:43,1,gai,constructive should we add represent? ,Constructive: should we add "represent"?,solution\development-ask,solution\development-ask,,,,,,,,,,,,,,,,,,
G15,00:29:00,1,gai,"cause constructive, it means students create or build upon their own conceptual frameworks, through critical thinking, problem solving, and reflection, so represents means their own conceptual framework that represents what they have learned, ","Because constructive engagement means that students create or build upon their own conceptual frameworks through critical thinking, problem-solving, and reflection, representing signifies their own conceptual framework that represents what they have learned.",solution\development-answer,solution\development-answer,,,,,,,,,,,,,,,,,,
G15,00:29:51,2,gai,lets go question five,Let's move on to question five.,monitoring-give,monitoring-give,,,,,,,,,,,,,,,,,,
G15,00:30:09,2,gai,i think its concept now,I think it's "concept" now.,solution\development-give,solution\development-give,,,,,,,,,,,,,,,,,,
G15,00:30:10,1,gai,"i think explaining to friends also make sense, yeah, yeah ","I think explaining to friends also makes sense, yeah, yeah.",solution\development-give,solution\development-give,,,,,,,,,,,,,,,,,,
G15,00:30:29,1,gai,and also listening,"And also, listening.",solution\development-build\on,solution\development-build\on,,,,,,,,,,,,,,,,,,
G15,00:30:40,1,gai,"yeah, probably you can just use chatgpt, hhh, lets see, ","Yeah, you can probably just use ChatGPT, haha, let's see.",planning-give,planning-give,,,,,,,,,,,,,,,,,,
G15,00:31:21,2,gai,"it has so many detailed content wirrten by chatgpt,",It has so many detailed contents written by ChatGPT.,evaluating-give,evaluating-give,,,,,,,,,,,,,,,,,,
G15,00:31:29,1,gai,do you wanna like copy and paste here?,Do you want to copy and paste it here?,planning-ask,planning-ask,,,,,,,,,,,,,,,,,,
G15,00:31:31,1,gai,"i think its pretty good, ",I think it's pretty good.,planning-ask,planning-agree,,,,,,,,,,,,,,,,,,
G15,00:31:40,1,gai,should we stop here? ,Should we stop here?,monitoring-ask,monitoring-ask,,,,,,,,,,,,,,,,,,
G15,00:31:10,2,gai,"i think we chould paraphrize it,",I think we should paraphrase it.,planning-give,planning-give,,,,,,,,,,,,,,,,,,
G15,00:32:30,2,gai,"we can use chatgpt to paraphrize it,",We can use ChatGPT to paraphrase it.,planning-give,planning-give,,,,,,,,,,,,,,,,,,
G15,00:32:35,1,gai,yeah,Yes.,planning-agree,planning-agree,,,,,,,,,,,,,,,,,,
G15,00:32:47,1,gai,"my thing is pretty good, ",My response is pretty good.,evaluating-give,evaluating-give,,,,,,,,,,,,,,,,,,
G15,00:34:41,2,gai,"here we can stop here, ",Here we can stop here.,monitoring-give,monitoring-give,,,,,,,,,,,,,,,,,,
,,,,,,,,,,,,,,,,,,,,,,,,,
,,,,,, ,,,,,,,,,,,,,,,,,,,
,,,,,,,,,,,,,,,,,,,,,,,,,
,,,,,,,,,,,,,,,,,,,,,,,,,
,,,,,, ,,,,,,,,,,,,,,,,,,,
,,,,,,, ,,,,,,,,,,,,,,,,,,
,,,,,, ,,,,,,,,,,,,,,,,,,,
,,,,,, ,,,,,,,,,,,,,,,,,,,
,,,,,, ,,,,,,,,,,,,,,,,,,,
,,,,,, ,,,,,,,,,,,,,,,,,,,
,,,,,,,,,,,,,,,,,,,,,,,,,
,,,,,,,,,,,,,,,,,,,,,,,,,
,,,,,,,,,,,,,,,,,,,,,,,,,
,,,,,,,,,,,,,,,,,,,,,,,,,
,,,,,,,,,,,,,,,,,,,,,,,,,
,,,,,,,,,,,,,,,,,,,,,,,,,
,,,,,,,,,,,,,,,,,,,,,,,,,
,,,,,,,,,,,,,,,,,,,,,,,,,
,,,,,,,,,,,,,,,,,,,,,,,,,
,,,,,,,,,,,,,,,,,,,,,,,,,
,,,,,,,,,,,,,,,,,,,,,,,,,
,,,,,,,,,,,,,,,,,,,,,,,,,
,,,,,,,,,,,,,,,,,,,,,,,,,
,,,,,,,,,,,,,,,,,,,,,,,,,
,,,,,,,,,,,,,,,,,,,,,,,,,
,,,,,,,,,,,,,,,,,,,,,,,,,
,,,,,,,,,,,,,,,,,,,,,,,,,
,,,,,,,,,,,,,,,,,,,,,,,,,
,,,,,,,,,,,,,,,,,,,,,,,,,
,,,,,,,,,,,,,,,,,,,,,,,,,
,,,,,,,,,,,,,,,,,,,,,,,,,
,,,,,,,,,,,,,,,,,,,,,,,,,
,,,,,,,,,,,,,,,,,,,,,,,,,
,,,,,,,,,,,,,,,,,,,,,,,,,
,,,,,,,,,,,,,,,,,,,,,,,,,
,,,,,,,,,,,,,,,,,,,,,,,,,
,,,,,,,,,,,,,,,,,,,,,,,,,
,,,,,,,,,,,,,,,,,,,,,,,,,
,,,,,,,,,,,,,,,,,,,,,,,,,
,,,,,,,,,,,,,,,,,,,,,,,,,
,,,,,,,,,,,,,,,,,,,,,,,,,
,,,,,,,,,,,,,,,,,,,,,,,,,
,,,,,,,,,,,,,,,,,,,,,,,,,
,,,,,,,,,,,,,,,,,,,,,,,,,
,,,,,,,,,,,,,,,,,,,,,,,,,
,,,,,,,,,,,,,,,,,,,,,,,,,
,,,,,,,,,,,,,,,,,,,,,,,,,
,,,,,,,,,,,,,,,,,,,,,,,,,
,,,,,,,,,,,,,,,,,,,,,,,,,
,,,,,,,,,,,,,,,,,,,,,,,,,
,,,,,,,,,,,,,,,,,,,,,,,,,
,,,,,,,,,,,,,,,,,,,,,,,,,
,,,,,,,,,,,,,,,,,,,,,,,,,
,,,,,,,,,,,,,,,,,,,,,,,,,
,,,,,,,,,,,,,,,,,,,,,,,,,
,,,,,,,,,,,,,,,,,,,,,,,,,
,,,,,,,,,,,,,,,,,,,,,,,,,
,,,,,,,,,,,,,,,,,,,,,,,,,
,,,,,,,,,,,,,,,,,,,,,,,,,
,,,,,,,,,,,,,,,,,,,,,,,,,
,,,,,,,,,,,,,,,,,,,,,,,,,
,,,,,,,,,,,,,,,,,,,,,,,,,
,,,,,,,,,,,,,,,,,,,,,,,,,
,,,,,,,,,,,,,,,,,,,,,,,,,
,,,,,,,,,,,,,,,,,,,,,,,,,
,,,,,,,,,,,,,,,,,,,,,,,,,
,,,,,,,,,,,,,,,,,,,,,,,,,
,,,,,,,,,,,,,,,,,,,,,,,,,
,,,,,,,,,,,,,,,,,,,,,,,,,
,,,,,,,,,,,,,,,,,,,,,,,,,
,,,,,,,,,,,,,,,,,,,,,,,,,
,,,,,,,,,,,,,,,,,,,,,,,,,
,,,,,,,,,,,,,,,,,,,,,,,,,
,,,,,,,,,,,,,,,,,,,,,,,,,
,,,,,,,,,,,,,,,,,,,,,,,,,
,,,,,,,,,,,,,,,,,,,,,,,,,
,,,,,,,,,,,,,,,,,,,,,,,,,
,,,,,,,,,,,,,,,,,,,,,,,,,
,,,,,,,,,,,,,,,,,,,,,,,,,
,,,,,,,,,,,,,,,,,,,,,,,,,
,,,,,,,,,,,,,,,,,,,,,,,,,
,,,,,,,,,,,,,,,,,,,,,,,,,
,,,,,,,,,,,,,,,,,,,,,,,,,
,,,,,,,,,,,,,,,,,,,,,,,,,
,,,,,,,,,,,,,,,,,,,,,,,,,
,,,,,,,,,,,,,,,,,,,,,,,,,
,,,,,,,,,,,,,,,,,,,,,,,,,
,,,,,,,,,,,,,,,,,,,,,,,,,
,,,,,,,,,,,,,,,,,,,,,,,,,
,,,,,,,,,,,,,,,,,,,,,,,,,
,,,,,,,,,,,,,,,,,,,,,,,,,
,,,,,,,,,,,,,,,,,,,,,,,,,
,,,,,,,,,,,,,,,,,,,,,,,,,
,,,,,,,,,,,,,,,,,,,,,,,,,
,,,,,,,,,,,,,,,,,,,,,,,,,
,,,,,,,,,,,,,,,,,,,,,,,,,
,,,,,,,,,,,,,,,,,,,,,,,,,
,,,,,,,,,,,,,,,,,,,,,,,,,
,,,,,,,,,,,,,,,,,,,,,,,,,
,,,,,,,,,,,,,,,,,,,,,,,,,
,,,,,,,,,,,,,,,,,,,,,,,,,
,,,,,,,,,,,,,,,,,,,,,,,,,
,,,,,,,,,,,,,,,,,,,,,,,,,
,,,,,,,,,,,,,,,,,,,,,,,,,
,,,,,,,,,,,,,,,,,,,,,,,,,
,,,,,,,,,,,,,,,,,,,,,,,,,
,,,,,,,,,,,,,,,,,,,,,,,,,
,,,,,,,,,,,,,,,,,,,,,,,,,
,,,,,,,,,,,,,,,,,,,,,,,,,
,,,,,,,,,,,,,,,,,,,,,,,,,
,,,,,,,,,,,,,,,,,,,,,,,,,
,,,,,,,,,,,,,,,,,,,,,,,,,
,,,,,,,,,,,,,,,,,,,,,,,,,
,,,,,,,,,,,,,,,,,,,,,,,,,
,,,,,,,,,,,,,,,,,,,,,,,,,
,,,,,,,,,,,,,,,,,,,,,,,,,
,,,,,,,,,,,,,,,,,,,,,,,,,
,,,,,,,,,,,,,,,,,,,,,,,,,
,,,,,,,,,,,,,,,,,,,,,,,,,
,,,,,,,,,,,,,,,,,,,,,,,,,
,,,,,,,,,,,,,,,,,,,,,,,,,
,,,,,,,,,,,,,,,,,,,,,,,,,
,,,,,,,,,,,,,,,,,,,,,,,,,
,,,,,,,,,,,,,,,,,,,,,,,,,
,,,,,,,,,,,,,,,,,,,,,,,,,
,,,,,,,,,,,,,,,,,,,,,,,,,
,,,,,,,,,,,,,,,,,,,,,,,,,
,,,,,,,,,,,,,,,,,,,,,,,,,
,,,,,,,,,,,,,,,,,,,,,,,,,
,,,,,,,,,,,,,,,,,,,,,,,,,
,,,,,,,,,,,,,,,,,,,,,,,,,
,,,,,,,,,,,,,,,,,,,,,,,,,
,,,,,,,,,,,,,,,,,,,,,,,,,
,,,,,,,,,,,,,,,,,,,,,,,,,
,,,,,,,,,,,,,,,,,,,,,,,,,
,,,,,,,,,,,,,,,,,,,,,,,,,
,,,,,,,,,,,,,,,,,,,,,,,,,
,,,,,,,,,,,,,,,,,,,,,,,,,
,,,,,,,,,,,,,,,,,,,,,,,,,
,,,,,,,,,,,,,,,,,,,,,,,,,
,,,,,,,,,,,,,,,,,,,,,,,,,
,,,,,,,,,,,,,,,,,,,,,,,,,
,,,,,,,,,,,,,,,,,,,,,,,,,
,,,,,,,,,,,,,,,,,,,,,,,,,
,,,,,,,,,,,,,,,,,,,,,,,,,
,,,,,,,,,,,,,,,,,,,,,,,,,
,,,,,,,,,,,,,,,,,,,,,,,,,
,,,,,,,,,,,,,,,,,,,,,,,,,
,,,,,,,,,,,,,,,,,,,,,,,,,
,,,,,,,,,,,,,,,,,,,,,,,,,
,,,,,,,,,,,,,,,,,,,,,,,,,
,,,,,,,,,,,,,,,,,,,,,,,,,
,,,,,,,,,,,,,,,,,,,,,,,,,
,,,,,,,,,,,,,,,,,,,,,,,,,
,,,,,,,,,,,,,,,,,,,,,,,,,
,,,,,,,,,,,,,,,,,,,,,,,,,
,,,,,,,,,,,,,,,,,,,,,,,,,
,,,,,,,,,,,,,,,,,,,,,,,,,
,,,,,,,,,,,,,,,,,,,,,,,,,
,,,,,,,,,,,,,,,,,,,,,,,,,
,,,,,,,,,,,,,,,,,,,,,,,,,
,,,,,,,,,,,,,,,,,,,,,,,,,
,,,,,,,,,,,,,,,,,,,,,,,,,
,,,,,,,,,,,,,,,,,,,,,,,,,
,,,,,,,,,,,,,,,,,,,,,,,,,
,,,,,,,,,,,,,,,,,,,,,,,,,
,,,,,,,,,,,,,,,,,,,,,,,,,
,,,,,,,,,,,,,,,,,,,,,,,,,
,,,,,,,,,,,,,,,,,,,,,,,,,
,,,,,,,,,,,,,,,,,,,,,,,,,
,,,,,,,,,,,,,,,,,,,,,,,,,
,,,,,,,,,,,,,,,,,,,,,,,,,
,,,,,,,,,,,,,,,,,,,,,,,,,
,,,,,,,,,,,,,,,,,,,,,,,,,
,,,,,,,,,,,,,,,,,,,,,,,,,
,,,,,,,,,,,,,,,,,,,,,,,,,
,,,,,,,,,,,,,,,,,,,,,,,,,
,,,,,,,,,,,,,,,,,,,,,,,,,
,,,,,,,,,,,,,,,,,,,,,,,,,
,,,,,,,,,,,,,,,,,,,,,,,,,
,,,,,,,,,,,,,,,,,,,,,,,,,
,,,,,,,,,,,,,,,,,,,,,,,,,
,,,,,,,,,,,,,,,,,,,,,,,,,
,,,,,,,,,,,,,,,,,,,,,,,,,
,,,,,,,,,,,,,,,,,,,,,,,,,
,,,,,,,,,,,,,,,,,,,,,,,,,
,,,,,,,,,,,,,,,,,,,,,,,,,
,,,,,,,,,,,,,,,,,,,,,,,,,
,,,,,,,,,,,,,,,,,,,,,,,,,
,,,,,,,,,,,,,,,,,,,,,,,,,
,,,,,,,,,,,,,,,,,,,,,,,,,
,,,,,,,,,,,,,,,,,,,,,,,,,
,,,,,,,,,,,,,,,,,,,,,,,,,
,,,,,,,,,,,,,,,,,,,,,,,,,
,,,,,,,,,,,,,,,,,,,,,,,,,
,,,,,,,,,,,,,,,,,,,,,,,,,
,,,,,,,,,,,,,,,,,,,,,,,,,
,,,,,,,,,,,,,,,,,,,,,,,,,
,,,,,,,,,,,,,,,,,,,,,,,,,
,,,,,,,,,,,,,,,,,,,,,,,,,
,,,,,,,,,,,,,,,,,,,,,,,,,
,,,,,,,,,,,,,,,,,,,,,,,,,
,,,,,,,,,,,,,,,,,,,,,,,,,
,,,,,,,,,,,,,,,,,,,,,,,,,
,,,,,,,,,,,,,,,,,,,,,,,,,
,,,,,,,,,,,,,,,,,,,,,,,,,
,,,,,,,,,,,,,,,,,,,,,,,,,
,,,,,,,,,,,,,,,,,,,,,,,,,
,,,,,,,,,,,,,,,,,,,,,,,,,
,,,,,,,,,,,,,,,,,,,,,,,,,
,,,,,,,,,,,,,,,,,,,,,,,,,
,,,,,,,,,,,,,,,,,,,,,,,,,
,,,,,,,,,,,,,,,,,,,,,,,,,
,,,,,,,,,,,,,,,,,,,,,,,,,
,,,,,,,,,,,,,,,,,,,,,,,,,
,,,,,,,,,,,,,,,,,,,,,,,,,
,,,,,,,,,,,,,,,,,,,,,,,,,
,,,,,,,,,,,,,,,,,,,,,,,,,
,,,,,,,,,,,,,,,,,,,,,,,,,
,,,,,,,,,,,,,,,,,,,,,,,,,
,,,,,,,,,,,,,,,,,,,,,,,,,
,,,,,,,,,,,,,,,,,,,,,,,,,
,,,,,,,,,,,,,,,,,,,,,,,,,
,,,,,,,,,,,,,,,,,,,,,,,,,
,,,,,,,,,,,,,,,,,,,,,,,,,
,,,,,,,,,,,,,,,,,,,,,,,,,
,,,,,,,,,,,,,,,,,,,,,,,,,
,,,,,,,,,,,,,,,,,,,,,,,,,
,,,,,,,,,,,,,,,,,,,,,,,,,
,,,,,,,,,,,,,,,,,,,,,,,,,
,,,,,,,,,,,,,,,,,,,,,,,,,
,,,,,,,,,,,,,,,,,,,,,,,,,
,,,,,,,,,,,,,,,,,,,,,,,,,
,,,,,,,,,,,,,,,,,,,,,,,,,
,,,,,,,,,,,,,,,,,,,,,,,,,
,,,,,,,,,,,,,,,,,,,,,,,,,
,,,,,,,,,,,,,,,,,,,,,,,,,
,,,,,,,,,,,,,,,,,,,,,,,,,
,,,,,,,,,,,,,,,,,,,,,,,,,
,,,,,,,,,,,,,,,,,,,,,,,,,
,,,,,,,,,,,,,,,,,,,,,,,,,
,,,,,,,,,,,,,,,,,,,,,,,,,
,,,,,,,,,,,,,,,,,,,,,,,,,
,,,,,,,,,,,,,,,,,,,,,,,,,
,,,,,,,,,,,,,,,,,,,,,,,,,
,,,,,,,,,,,,,,,,,,,,,,,,,
,,,,,,,,,,,,,,,,,,,,,,,,,
,,,,,,,,,,,,,,,,,,,,,,,,,
,,,,,,,,,,,,,,,,,,,,,,,,,
,,,,,,,,,,,,,,,,,,,,,,,,,
,,,,,,,,,,,,,,,,,,,,,,,,,
,,,,,,,,,,,,,,,,,,,,,,,,,
,,,,,,,,,,,,,,,,,,,,,,,,,
,,,,,,,,,,,,,,,,,,,,,,,,,
,,,,,,,,,,,,,,,,,,,,,,,,,
,,,,,,,,,,,,,,,,,,,,,,,,,
,,,,,,,,,,,,,,,,,,,,,,,,,
,,,,,,,,,,,,,,,,,,,,,,,,,
,,,,,,,,,,,,,,,,,,,,,,,,,
,,,,,,,,,,,,,,,,,,,,,,,,,
,,,,,,,,,,,,,,,,,,,,,,,,,
,,,,,,,,,,,,,,,,,,,,,,,,,
,,,,,,,,,,,,,,,,,,,,,,,,,
,,,,,,,,,,,,,,,,,,,,,,,,,
,,,,,,,,,,,,,,,,,,,,,,,,,
,,,,,,,,,,,,,,,,,,,,,,,,,
,,,,,,,,,,,,,,,,,,,,,,,,,
,,,,,,,,,,,,,,,,,,,,,,,,,
,,,,,,,,,,,,,,,,,,,,,,,,,
,,,,,,,,,,,,,,,,,,,,,,,,,
,,,,,,,,,,,,,,,,,,,,,,,,,
,,,,,,,,,,,,,,,,,,,,,,,,,
,,,,,,,,,,,,,,,,,,,,,,,,,
,,,,,,,,,,,,,,,,,,,,,,,,,
,,,,,,,,,,,,,,,,,,,,,,,,,
,,,,,,,,,,,,,,,,,,,,,,,,,
,,,,,,,,,,,,,,,,,,,,,,,,,
,,,,,,,,,,,,,,,,,,,,,,,,,
,,,,,,,,,,,,,,,,,,,,,,,,,
,,,,,,,,,,,,,,,,,,,,,,,,,
,,,,,,,,,,,,,,,,,,,,,,,,,
,,,,,,,,,,,,,,,,,,,,,,,,,
,,,,,,,,,,,,,,,,,,,,,,,,,
,,,,,,,,,,,,,,,,,,,,,,,,,
,,,,,,,,,,,,,,,,,,,,,,,,,
,,,,,,,,,,,,,,,,,,,,,,,,,
,,,,,,,,,,,,,,,,,,,,,,,,,
,,,,,,,,,,,,,,,,,,,,,,,,,
,,,,,,,,,,,,,,,,,,,,,,,,,
,,,,,,,,,,,,,,,,,,,,,,,,,
,,,,,,,,,,,,,,,,,,,,,,,,,
,,,,,,,,,,,,,,,,,,,,,,,,,
,,,,,,,,,,,,,,,,,,,,,,,,,
,,,,,,,,,,,,,,,,,,,,,,,,,
,,,,,,,,,,,,,,,,,,,,,,,,,
,,,,,,,,,,,,,,,,,,,,,,,,,
,,,,,,,,,,,,,,,,,,,,,,,,,
,,,,,,,,,,,,,,,,,,,,,,,,,
,,,,,,,,,,,,,,,,,,,,,,,,,
,,,,,,,,,,,,,,,,,,,,,,,,,
,,,,,,,,,,,,,,,,,,,,,,,,,
,,,,,,,,,,,,,,,,,,,,,,,,,
,,,,,,,,,,,,,,,,,,,,,,,,,
,,,,,,,,,,,,,,,,,,,,,,,,,
,,,,,,,,,,,,,,,,,,,,,,,,,
,,,,,,,,,,,,,,,,,,,,,,,,,
,,,,,,,,,,,,,,,,,,,,,,,,,
,,,,,,,,,,,,,,,,,,,,,,,,,
,,,,,,,,,,,,,,,,,,,,,,,,,
,,,,,,,,,,,,,,,,,,,,,,,,,
,,,,,,,,,,,,,,,,,,,,,,,,,
,,,,,,,,,,,,,,,,,,,,,,,,,
,,,,,,,,,,,,,,,,,,,,,,,,,
,,,,,,,,,,,,,,,,,,,,,,,,,
,,,,,,,,,,,,,,,,,,,,,,,,,
,,,,,,,,,,,,,,,,,,,,,,,,,
,,,,,,,,,,,,,,,,,,,,,,,,,
,,,,,,,,,,,,,,,,,,,,,,,,,
,,,,,,,,,,,,,,,,,,,,,,,,,
,,,,,,,,,,,,,,,,,,,,,,,,,
,,,,,,,,,,,,,,,,,,,,,,,,,
,,,,,,,,,,,,,,,,,,,,,,,,,
,,,,,,,,,,,,,,,,,,,,,,,,,
,,,,,,,,,,,,,,,,,,,,,,,,,
,,,,,,,,,,,,,,,,,,,,,,,,,
,,,,,,,,,,,,,,,,,,,,,,,,,
,,,,,,,,,,,,,,,,,,,,,,,,,
,,,,,,,,,,,,,,,,,,,,,,,,,
,,,,,,,,,,,,,,,,,,,,,,,,,
,,,,,,,,,,,,,,,,,,,,,,,,,
,,,,,,,,,,,,,,,,,,,,,,,,,
,,,,,,,,,,,,,,,,,,,,,,,,,
,,,,,,,,,,,,,,,,,,,,,,,,,
,,,,,,,,,,,,,,,,,,,,,,,,,
,,,,,,,,,,,,,,,,,,,,,,,,,
,,,,,,,,,,,,,,,,,,,,,,,,,
,,,,,,,,,,,,,,,,,,,,,,,,,
,,,,,,,,,,,,,,,,,,,,,,,,,
,,,,,,,,,,,,,,,,,,,,,,,,,
,,,,,,,,,,,,,,,,,,,,,,,,,
,,,,,,,,,,,,,,,,,,,,,,,,,
,,,,,,,,,,,,,,,,,,,,,,,,,
,,,,,,,,,,,,,,,,,,,,,,,,,
,,,,,,,,,,,,,,,,,,,,,,,,,
,,,,,,,,,,,,,,,,,,,,,,,,,
,,,,,,,,,,,,,,,,,,,,,,,,,
,,,,,,,,,,,,,,,,,,,,,,,,,
,,,,,,,,,,,,,,,,,,,,,,,,,
,,,,,,,,,,,,,,,,,,,,,,,,,
,,,,,,,,,,,,,,,,,,,,,,,,,
,,,,,,,,,,,,,,,,,,,,,,,,,
,,,,,,,,,,,,,,,,,,,,,,,,,
,,,,,,,,,,,,,,,,,,,,,,,,,
,,,,,,,,,,,,,,,,,,,,,,,,,
,,,,,,,,,,,,,,,,,,,,,,,,,
,,,,,,,,,,,,,,,,,,,,,,,,,
,,,,,,,,,,,,,,,,,,,,,,,,,
,,,,,,,,,,,,,,,,,,,,,,,,,
,,,,,,,,,,,,,,,,,,,,,,,,,
,,,,,,,,,,,,,,,,,,,,,,,,,
,,,,,,,,,,,,,,,,,,,,,,,,,
,,,,,,,,,,,,,,,,,,,,,,,,,
,,,,,,,,,,,,,,,,,,,,,,,,,
,,,,,,,,,,,,,,,,,,,,,,,,,
,,,,,,,,,,,,,,,,,,,,,,,,,
,,,,,,,,,,,,,,,,,,,,,,,,,
,,,,,,,,,,,,,,,,,,,,,,,,,
,,,,,,,,,,,,,,,,,,,,,,,,,
,,,,,,,,,,,,,,,,,,,,,,,,,
,,,,,,,,,,,,,,,,,,,,,,,,,
,,,,,,,,,,,,,,,,,,,,,,,,,
,,,,,,,,,,,,,,,,,,,,,,,,,
,,,,,,,,,,,,,,,,,,,,,,,,,
,,,,,,,,,,,,,,,,,,,,,,,,,
,,,,,,,,,,,,,,,,,,,,,,,,,
,,,,,,,,,,,,,,,,,,,,,,,,,
,,,,,,,,,,,,,,,,,,,,,,,,,
,,,,,,,,,,,,,,,,,,,,,,,,,
,,,,,,,,,,,,,,,,,,,,,,,,,
,,,,,,,,,,,,,,,,,,,,,,,,,
,,,,,,,,,,,,,,,,,,,,,,,,,
,,,,,,,,,,,,,,,,,,,,,,,,,
,,,,,,,,,,,,,,,,,,,,,,,,,
,,,,,,,,,,,,,,,,,,,,,,,,,
,,,,,,,,,,,,,,,,,,,,,,,,,
,,,,,,,,,,,,,,,,,,,,,,,,,
,,,,,,,,,,,,,,,,,,,,,,,,,
,,,,,,,,,,,,,,,,,,,,,,,,,
,,,,,,,,,,,,,,,,,,,,,,,,,
,,,,,,,,,,,,,,,,,,,,,,,,,
,,,,,,,,,,,,,,,,,,,,,,,,,
,,,,,,,,,,,,,,,,,,,,,,,,,
,,,,,,,,,,,,,,,,,,,,,,,,,
,,,,,,,,,,,,,,,,,,,,,,,,,
,,,,,,,,,,,,,,,,,,,,,,,,,
,,,,,,,,,,,,,,,,,,,,,,,,,
,,,,,,,,,,,,,,,,,,,,,,,,,
,,,,,,,,,,,,,,,,,,,,,,,,,
,,,,,,,,,,,,,,,,,,,,,,,,,
,,,,,,,,,,,,,,,,,,,,,,,,,
,,,,,,,,,,,,,,,,,,,,,,,,,
,,,,,,,,,,,,,,,,,,,,,,,,,
,,,,,,,,,,,,,,,,,,,,,,,,,
,,,,,,,,,,,,,,,,,,,,,,,,,
,,,,,,,,,,,,,,,,,,,,,,,,,
,,,,,,,,,,,,,,,,,,,,,,,,,
,,,,,,,,,,,,,,,,,,,,,,,,,
,,,,,,,,,,,,,,,,,,,,,,,,,
,,,,,,,,,,,,,,,,,,,,,,,,,
,,,,,,,,,,,,,,,,,,,,,,,,,
,,,,,,,,,,,,,,,,,,,,,,,,,
,,,,,,,,,,,,,,,,,,,,,,,,,
,,,,,,,,,,,,,,,,,,,,,,,,,
,,,,,,,,,,,,,,,,,,,,,,,,,
,,,,,,,,,,,,,,,,,,,,,,,,,
,,,,,,,,,,,,,,,,,,,,,,,,,
,,,,,,,,,,,,,,,,,,,,,,,,,
,,,,,,,,,,,,,,,,,,,,,,,,,
,,,,,,,,,,,,,,,,,,,,,,,,,
,,,,,,,,,,,,,,,,,,,,,,,,,
,,,,,,,,,,,,,,,,,,,,,,,,,
,,,,,,,,,,,,,,,,,,,,,,,,,
,,,,,,,,,,,,,,,,,,,,,,,,,
,,,,,,,,,,,,,,,,,,,,,,,,,
,,,,,,,,,,,,,,,,,,,,,,,,,
,,,,,,,,,,,,,,,,,,,,,,,,,
,,,,,,,,,,,,,,,,,,,,,,,,,
,,,,,,,,,,,,,,,,,,,,,,,,,
,,,,,,,,,,,,,,,,,,,,,,,,,
,,,,,,,,,,,,,,,,,,,,,,,,,
,,,,,,,,,,,,,,,,,,,,,,,,,
,,,,,,,,,,,,,,,,,,,,,,,,,
,,,,,,,,,,,,,,,,,,,,,,,,,
,,,,,,,,,,,,,,,,,,,,,,,,,
,,,,,,,,,,,,,,,,,,,,,,,,,
,,,,,,,,,,,,,,,,,,,,,,,,,
,,,,,,,,,,,,,,,,,,,,,,,,,
,,,,,,,,,,,,,,,,,,,,,,,,,
,,,,,,,,,,,,,,,,,,,,,,,,,
,,,,,,,,,,,,,,,,,,,,,,,,,
,,,,,,,,,,,,,,,,,,,,,,,,,
,,,,,,,,,,,,,,,,,,,,,,,,,
,,,,,,,,,,,,,,,,,,,,,,,,,
,,,,,,,,,,,,,,,,,,,,,,,,,
,,,,,,,,,,,,,,,,,,,,,,,,,
,,,,,,,,,,,,,,,,,,,,,,,,,
,,,,,,,,,,,,,,,,,,,,,,,,,
,,,,,,,,,,,,,,,,,,,,,,,,,
,,,,,,,,,,,,,,,,,,,,,,,,,
,,,,,,,,,,,,,,,,,,,,,,,,,
,,,,,,,,,,,,,,,,,,,,,,,,,
,,,,,,,,,,,,,,,,,,,,,,,,,
,,,,,,,,,,,,,,,,,,,,,,,,,
,,,,,,,,,,,,,,,,,,,,,,,,,
,,,,,,,,,,,,,,,,,,,,,,,,,
,,,,,,,,,,,,,,,,,,,,,,,,,
,,,,,,,,,,,,,,,,,,,,,,,,,
,,,,,,,,,,,,,,,,,,,,,,,,,
,,,,,,,,,,,,,,,,,,,,,,,,,
,,,,,,,,,,,,,,,,,,,,,,,,,
,,,,,,,,,,,,,,,,,,,,,,,,,
,,,,,,,,,,,,,,,,,,,,,,,,,
,,,,,,,,,,,,,,,,,,,,,,,,,
,,,,,,,,,,,,,,,,,,,,,,,,,
,,,,,,,,,,,,,,,,,,,,,,,,,
,,,,,,,,,,,,,,,,,,,,,,,,,
,,,,,,,,,,,,,,,,,,,,,,,,,
,,,,,,,,,,,,,,,,,,,,,,,,,
,,,,,,,,,,,,,,,,,,,,,,,,,
,,,,,,,,,,,,,,,,,,,,,,,,,
,,,,,,,,,,,,,,,,,,,,,,,,,
,,,,,,,,,,,,,,,,,,,,,,,,,
,,,,,,,,,,,,,,,,,,,,,,,,,
,,,,,,,,,,,,,,,,,,,,,,,,,
,,,,,,,,,,,,,,,,,,,,,,,,,
,,,,,,,,,,,,,,,,,,,,,,,,,
,,,,,,,,,,,,,,,,,,,,,,,,,
,,,,,,,,,,,,,,,,,,,,,,,,,
,,,,,,,,,,,,,,,,,,,,,,,,,
,,,,,,,,,,,,,,,,,,,,,,,,,
,,,,,,,,,,,,,,,,,,,,,,,,,
,,,,,,,,,,,,,,,,,,,,,,,,,
,,,,,,,,,,,,,,,,,,,,,,,,,
,,,,,,,,,,,,,,,,,,,,,,,,,
,,,,,,,,,,,,,,,,,,,,,,,,,
,,,,,,,,,,,,,,,,,,,,,,,,,
,,,,,,,,,,,,,,,,,,,,,,,,,
,,,,,,,,,,,,,,,,,,,,,,,,,
,,,,,,,,,,,,,,,,,,,,,,,,,
,,,,,,,,,,,,,,,,,,,,,,,,,
,,,,,,,,,,,,,,,,,,,,,,,,,
,,,,,,,,,,,,,,,,,,,,,,,,,
,,,,,,,,,,,,,,,,,,,,,,,,,
,,,,,,,,,,,,,,,,,,,,,,,,,
,,,,,,,,,,,,,,,,,,,,,,,,,
,,,,,,,,,,,,,,,,,,,,,,,,,
,,,,,,,,,,,,,,,,,,,,,,,,,
,,,,,,,,,,,,,,,,,,,,,,,,,
,,,,,,,,,,,,,,,,,,,,,,,,,
,,,,,,,,,,,,,,,,,,,,,,,,,
,,,,,,,,,,,,,,,,,,,,,,,,,
,,,,,,,,,,,,,,,,,,,,,,,,,
,,,,,,,,,,,,,,,,,,,,,,,,,
,,,,,,,,,,,,,,,,,,,,,,,,,
,,,,,,,,,,,,,,,,,,,,,,,,,
,,,,,,,,,,,,,,,,,,,,,,,,,
,,,,,,,,,,,,,,,,,,,,,,,,,
,,,,,,,,,,,,,,,,,,,,,,,,,
,,,,,,,,,,,,,,,,,,,,,,,,,
,,,,,,,,,,,,,,,,,,,,,,,,,
,,,,,,,,,,,,,,,,,,,,,,,,,
,,,,,,,,,,,,,,,,,,,,,,,,,
,,,,,,,,,,,,,,,,,,,,,,,,,
,,,,,,,,,,,,,,,,,,,,,,,,,
,,,,,,,,,,,,,,,,,,,,,,,,,
,,,,,,,,,,,,,,,,,,,,,,,,,
,,,,,,,,,,,,,,,,,,,,,,,,,
,,,,,,,,,,,,,,,,,,,,,,,,,
,,,,,,,,,,,,,,,,,,,,,,,,,
,,,,,,,,,,,,,,,,,,,,,,,,,
,,,,,,,,,,,,,,,,,,,,,,,,,
,,,,,,,,,,,,,,,,,,,,,,,,,
,,,,,,,,,,,,,,,,,,,,,,,,,
,,,,,,,,,,,,,,,,,,,,,,,,,
,,,,,,,,,,,,,,,,,,,,,,,,,
,,,,,,,,,,,,,,,,,,,,,,,,,
,,,,,,,,,,,,,,,,,,,,,,,,,
,,,,,,,,,,,,,,,,,,,,,,,,,
,,,,,,,,,,,,,,,,,,,,,,,,,
,,,,,,,,,,,,,,,,,,,,,,,,,
,,,,,,,,,,,,,,,,,,,,,,,,,
,,,,,,,,,,,,,,,,,,,,,,,,,
,,,,,,,,,,,,,,,,,,,,,,,,,
,,,,,,,,,,,,,,,,,,,,,,,,,
,,,,,,,,,,,,,,,,,,,,,,,,,
,,,,,,,,,,,,,,,,,,,,,,,,,
,,,,,,,,,,,,,,,,,,,,,,,,,
,,,,,,,,,,,,,,,,,,,,,,,,,
,,,,,,,,,,,,,,,,,,,,,,,,,
,,,,,,,,,,,,,,,,,,,,,,,,,
,,,,,,,,,,,,,,,,,,,,,,,,,
,,,,,,,,,,,,,,,,,,,,,,,,,
,,,,,,,,,,,,,,,,,,,,,,,,,
,,,,,,,,,,,,,,,,,,,,,,,,,
,,,,,,,,,,,,,,,,,,,,,,,,,
,,,,,,,,,,,,,,,,,,,,,,,,,
,,,,,,,,,,,,,,,,,,,,,,,,,
,,,,,,,,,,,,,,,,,,,,,,,,,
,,,,,,,,,,,,,,,,,,,,,,,,,
,,,,,,,,,,,,,,,,,,,,,,,,,
,,,,,,,,,,,,,,,,,,,,,,,,,
,,,,,,,,,,,,,,,,,,,,,,,,,
,,,,,,,,,,,,,,,,,,,,,,,,,
,,,,,,,,,,,,,,,,,,,,,,,,,
,,,,,,,,,,,,,,,,,,,,,,,,,
,,,,,,,,,,,,,,,,,,,,,,,,,
,,,,,,,,,,,,,,,,,,,,,,,,,
,,,,,,,,,,,,,,,,,,,,,,,,,
,,,,,,,,,,,,,,,,,,,,,,,,,
,,,,,,,,,,,,,,,,,,,,,,,,,
,,,,,,,,,,,,,,,,,,,,,,,,,
,,,,,,,,,,,,,,,,,,,,,,,,,
,,,,,,,,,,,,,,,,,,,,,,,,,
,,,,,,,,,,,,,,,,,,,,,,,,,
,,,,,,,,,,,,,,,,,,,,,,,,,
,,,,,,,,,,,,,,,,,,,,,,,,,
,,,,,,,,,,,,,,,,,,,,,,,,,
,,,,,,,,,,,,,,,,,,,,,,,,,
,,,,,,,,,,,,,,,,,,,,,,,,,
,,,,,,,,,,,,,,,,,,,,,,,,,
,,,,,,,,,,,,,,,,,,,,,,,,,
,,,,,,,,,,,,,,,,,,,,,,,,,
,,,,,,,,,,,,,,,,,,,,,,,,,
,,,,,,,,,,,,,,,,,,,,,,,,,
,,,,,,,,,,,,,,,,,,,,,,,,,
,,,,,,,,,,,,,,,,,,,,,,,,,
,,,,,,,,,,,,,,,,,,,,,,,,,
,,,,,,,,,,,,,,,,,,,,,,,,,
,,,,,,,,,,,,,,,,,,,,,,,,,
,,,,,,,,,,,,,,,,,,,,,,,,,
,,,,,,,,,,,,,,,,,,,,,,,,,
,,,,,,,,,,,,,,,,,,,,,,,,,
,,,,,,,,,,,,,,,,,,,,,,,,,
,,,,,,,,,,,,,,,,,,,,,,,,,
,,,,,,,,,,,,,,,,,,,,,,,,,
,,,,,,,,,,,,,,,,,,,,,,,,,
,,,,,,,,,,,,,,,,,,,,,,,,,
,,,,,,,,,,,,,,,,,,,,,,,,,
,,,,,,,,,,,,,,,,,,,,,,,,,
,,,,,,,,,,,,,,,,,,,,,,,,,
,,,,,,,,,,,,,,,,,,,,,,,,,
,,,,,,,,,,,,,,,,,,,,,,,,,
,,,,,,,,,,,,,,,,,,,,,,,,,
,,,,,,,,,,,,,,,,,,,,,,,,,
,,,,,,,,,,,,,,,,,,,,,,,,,
,,,,,,,,,,,,,,,,,,,,,,,,,
,,,,,,,,,,,,,,,,,,,,,,,,,
,,,,,,,,,,,,,,,,,,,,,,,,,
,,,,,,,,,,,,,,,,,,,,,,,,,
,,,,,,,,,,,,,,,,,,,,,,,,,
,,,,,,,,,,,,,,,,,,,,,,,,,
,,,,,,,,,,,,,,,,,,,,,,,,,
,,,,,,,,,,,,,,,,,,,,,,,,,
,,,,,,,,,,,,,,,,,,,,,,,,,
,,,,,,,,,,,,,,,,,,,,,,,,,
,,,,,,,,,,,,,,,,,,,,,,,,,
,,,,,,,,,,,,,,,,,,,,,,,,,
,,,,,,,,,,,,,,,,,,,,,,,,,
,,,,,,,,,,,,,,,,,,,,,,,,,
,,,,,,,,,,,,,,,,,,,,,,,,,
,,,,,,,,,,,,,,,,,,,,,,,,,
,,,,,,,,,,,,,,,,,,,,,,,,,
,,,,,,,,,,,,,,,,,,,,,,,,,
,,,,,,,,,,,,,,,,,,,,,,,,,
,,,,,,,,,,,,,,,,,,,,,,,,,
,,,,,,,,,,,,,,,,,,,,,,,,,
,,,,,,,,,,,,,,,,,,,,,,,,,
,,,,,,,,,,,,,,,,,,,,,,,,,
,,,,,,,,,,,,,,,,,,,,,,,,,
,,,,,,,,,,,,,,,,,,,,,,,,,
,,,,,,,,,,,,,,,,,,,,,,,,,
,,,,,,,,,,,,,,,,,,,,,,,,,
,,,,,,,,,,,,,,,,,,,,,,,,,
,,,,,,,,,,,,,,,,,,,,,,,,,
,,,,,,,,,,,,,,,,,,,,,,,,,
,,,,,,,,,,,,,,,,,,,,,,,,,
,,,,,,,,,,,,,,,,,,,,,,,,,
,,,,,,,,,,,,,,,,,,,,,,,,,
,,,,,,,,,,,,,,,,,,,,,,,,,
,,,,,,,,,,,,,,,,,,,,,,,,,
,,,,,,,,,,,,,,,,,,,,,,,,,
,,,,,,,,,,,,,,,,,,,,,,,,,
,,,,,,,,,,,,,,,,,,,,,,,,,
,,,,,,,,,,,,,,,,,,,,,,,,,
,,,,,,,,,,,,,,,,,,,,,,,,,
,,,,,,,,,,,,,,,,,,,,,,,,,
,,,,,,,,,,,,,,,,,,,,,,,,,
,,,,,,,,,,,,,,,,,,,,,,,,,
,,,,,,,,,,,,,,,,,,,,,,,,,
,,,,,,,,,,,,,,,,,,,,,,,,,
,,,,,,,,,,,,,,,,,,,,,,,,,
,,,,,,,,,,,,,,,,,,,,,,,,,
,,,,,,,,,,,,,,,,,,,,,,,,,
,,,,,,,,,,,,,,,,,,,,,,,,,
,,,,,,,,,,,,,,,,,,,,,,,,,
,,,,,,,,,,,,,,,,,,,,,,,,,
,,,,,,,,,,,,,,,,,,,,,,,,,
,,,,,,,,,,,,,,,,,,,,,,,,,
,,,,,,,,,,,,,,,,,,,,,,,,,
,,,,,,,,,,,,,,,,,,,,,,,,,
,,,,,,,,,,,,,,,,,,,,,,,,,
,,,,,,,,,,,,,,,,,,,,,,,,,
,,,,,,,,,,,,,,,,,,,,,,,,,
,,,,,,,,,,,,,,,,,,,,,,,,,
,,,,,,,,,,,,,,,,,,,,,,,,,
,,,,,,,,,,,,,,,,,,,,,,,,,
,,,,,,,,,,,,,,,,,,,,,,,,,
,,,,,,,,,,,,,,,,,,,,,,,,,
,,,,,,,,,,,,,,,,,,,,,,,,,
,,,,,,,,,,,,,,,,,,,,,,,,,
,,,,,,,,,,,,,,,,,,,,,,,,,
,,,,,,,,,,,,,,,,,,,,,,,,,
,,,,,,,,,,,,,,,,,,,,,,,,,
,,,,,,,,,,,,,,,,,,,,,,,,,
,,,,,,,,,,,,,,,,,,,,,,,,,
,,,,,,,,,,,,,,,,,,,,,,,,,
,,,,,,,,,,,,,,,,,,,,,,,,,
,,,,,,,,,,,,,,,,,,,,,,,,,
,,,,,,,,,,,,,,,,,,,,,,,,,
,,,,,,,,,,,,,,,,,,,,,,,,,
,,,,,,,,,,,,,,,,,,,,,,,,,
,,,,,,,,,,,,,,,,,,,,,,,,,
,,,,,,,,,,,,,,,,,,,,,,,,,
,,,,,,,,,,,,,,,,,,,,,,,,,
,,,,,,,,,,,,,,,,,,,,,,,,,
,,,,,,,,,,,,,,,,,,,,,,,,,
,,,,,,,,,,,,,,,,,,,,,,,,,
,,,,,,,,,,,,,,,,,,,,,,,,,
,,,,,,,,,,,,,,,,,,,,,,,,,
,,,,,,,,,,,,,,,,,,,,,,,,,
,,,,,,,,,,,,,,,,,,,,,,,,,
,,,,,,,,,,,,,,,,,,,,,,,,,
,,,,,,,,,,,,,,,,,,,,,,,,,
,,,,,,,,,,,,,,,,,,,,,,,,,
,,,,,,,,,,,,,,,,,,,,,,,,,
,,,,,,,,,,,,,,,,,,,,,,,,,
,,,,,,,,,,,,,,,,,,,,,,,,,
,,,,,,,,,,,,,,,,,,,,,,,,,
,,,,,,,,,,,,,,,,,,,,,,,,,
,,,,,,,,,,,,,,,,,,,,,,,,,
,,,,,,,,,,,,,,,,,,,,,,,,,
,,,,,,,,,,,,,,,,,,,,,,,,,
,,,,,,,,,,,,,,,,,,,,,,,,,
,,,,,,,,,,,,,,,,,,,,,,,,,
,,,,,,,,,,,,,,,,,,,,,,,,,
,,,,,,,,,,,,,,,,,,,,,,,,,
,,,,,,,,,,,,,,,,,,,,,,,,,
,,,,,,,,,,,,,,,,,,,,,,,,,
,,,,,,,,,,,,,,,,,,,,,,,,,
,,,,,,,,,,,,,,,,,,,,,,,,,
,,,,,,,,,,,,,,,,,,,,,,,,,
,,,,,,,,,,,,,,,,,,,,,,,,,
,,,,,,,,,,,,,,,,,,,,,,,,,
,,,,,,,,,,,,,,,,,,,,,,,,,
,,,,,,,,,,,,,,,,,,,,,,,,,
,,,,,,,,,,,,,,,,,,,,,,,,,
,,,,,,,,,,,,,,,,,,,,,,,,,
,,,,,,,,,,,,,,,,,,,,,,,,,
,,,,,,,,,,,,,,,,,,,,,,,,,
,,,,,,,,,,,,,,,,,,,,,,,,,
,,,,,,,,,,,,,,,,,,,,,,,,,
,,,,,,,,,,,,,,,,,,,,,,,,,
,,,,,,,,,,,,,,,,,,,,,,,,,
,,,,,,,,,,,,,,,,,,,,,,,,,
,,,,,,,,,,,,,,,,,,,,,,,,,
,,,,,,,,,,,,,,,,,,,,,,,,,
,,,,,,,,,,,,,,,,,,,,,,,,,
,,,,,,,,,,,,,,,,,,,,,,,,,
,,,,,,,,,,,,,,,,,,,,,,,,,
,,,,,,,,,,,,,,,,,,,,,,,,,
,,,,,,,,,,,,,,,,,,,,,,,,,
,,,,,,,,,,,,,,,,,,,,,,,,,
,,,,,,,,,,,,,,,,,,,,,,,,,
,,,,,,,,,,,,,,,,,,,,,,,,,
,,,,,,,,,,,,,,,,,,,,,,,,,
,,,,,,,,,,,,,,,,,,,,,,,,,
,,,,,,,,,,,,,,,,,,,,,,,,,
,,,,,,,,,,,,,,,,,,,,,,,,,
,,,,,,,,,,,,,,,,,,,,,,,,,
,,,,,,,,,,,,,,,,,,,,,,,,,
,,,,,,,,,,,,,,,,,,,,,,,,,
,,,,,,,,,,,,,,,,,,,,,,,,,
,,,,,,,,,,,,,,,,,,,,,,,,,
,,,,,,,,,,,,,,,,,,,,,,,,,
,,,,,,,,,,,,,,,,,,,,,,,,,
,,,,,,,,,,,,,,,,,,,,,,,,,
,,,,,,,,,,,,,,,,,,,,,,,,,
,,,,,,,,,,,,,,,,,,,,,,,,,
,,,,,,,,,,,,,,,,,,,,,,,,,
,,,,,,,,,,,,,,,,,,,,,,,,,
,,,,,,,,,,,,,,,,,,,,,,,,,
,,,,,,,,,,,,,,,,,,,,,,,,,
,,,,,,,,,,,,,,,,,,,,,,,,,
,,,,,,,,,,,,,,,,,,,,,,,,,
,,,,,,,,,,,,,,,,,,,,,,,,,
,,,,,,,,,,,,,,,,,,,,,,,,,
,,,,,,,,,,,,,,,,,,,,,,,,,
,,,,,,,,,,,,,,,,,,,,,,,,,
,,,,,,,,,,,,,,,,,,,,,,,,,
,,,,,,,,,,,,,,,,,,,,,,,,,
,,,,,,,,,,,,,,,,,,,,,,,,,
,,,,,,,,,,,,,,,,,,,,,,,,,
,,,,,,,,,,,,,,,,,,,,,,,,,
,,,,,,,,,,,,,,,,,,,,,,,,,
